ISO-10303-21;
HEADER;
FILE_DESCRIPTION(('ViewDefinition[DesignTransferView]'),'2;1');
FILE_NAME('/dev/null','2026-09-30T16:48:33+02:00',(''),(''),'IfcOpenShell 0.8.5','IfcOpenShell 0.8.5','Nobody');
FILE_SCHEMA(('IFC4'));
ENDSEC;
DATA;
#1=IFCPROJECT('2MWLY6rlbAJg1kBCjlq3Of',$,'Synthetic Three Storey Demo',$,$,$,$,(#10),#5);
#2=IFCSIUNIT(*,.LENGTHUNIT.,$,.METRE.);
#3=IFCSIUNIT(*,.AREAUNIT.,$,.SQUARE_METRE.);
#4=IFCSIUNIT(*,.VOLUMEUNIT.,$,.CUBIC_METRE.);
#5=IFCUNITASSIGNMENT((#4,#2,#3));
#6=IFCCARTESIANPOINT((0.,0.,0.));
#7=IFCDIRECTION((0.,0.,1.));
#8=IFCDIRECTION((1.,0.,0.));
#9=IFCAXIS2PLACEMENT3D(#6,#7,#8);
#10=IFCGEOMETRICREPRESENTATIONCONTEXT($,'Model',3,1.0000000000000001E-05,#9,$);
#11=IFCGEOMETRICREPRESENTATIONSUBCONTEXT('Body','Model',*,*,*,*,#10,$,.MODEL_VIEW.,$);
#12=IFCSITE('2WcK$R_Ej56Be1OT$UyyT4',$,'Demo Site',$,$,$,$,$,$,$,$,$,$,$);
#13=IFCBUILDING('2jwMmY0TvDDgIWnG90ovrC',$,'Sample Building',$,$,$,$,$,$,$,$,$);
#14=IFCRELAGGREGATES('1mNfgBz5rFYhqMCVSFMGeo',$,$,$,#1,(#12));
#15=IFCRELAGGREGATES('3bNsNa_9nCWRGe0HT$2R5E',$,$,$,#12,(#13));
#16=IFCBUILDINGSTOREY('1r$D5B9b50pQCRSPhrpZrp',$,'Level 1',$,$,$,$,$,$,0.);
#17=IFCRELAGGREGATES('0HTeUV45n7zPJ0TauePdkJ',$,$,$,#13,(#18,#19,#16));
#18=IFCBUILDINGSTOREY('1Nn47yOo5C8fVpICvtCalA',$,'Level 2',$,$,$,$,$,$,3.6000000000000001);
#19=IFCBUILDINGSTOREY('3qBaW0j1HFhP8$uq4Pm7bC',$,'Level 3',$,$,$,$,$,$,7.2000000000000002);
#20=IFCSLABTYPE('2Di91ubYP3vhNZWFrlAvx8',$,'Floor slab',$,$,$,$,$,$,.NOTDEFINED.);
#21=IFCWALLTYPE('0rJREPB19D7AcNDDpiV2CW',$,'Exterior wall',$,$,$,$,$,$,.NOTDEFINED.);
#22=IFCCOLUMNTYPE('08HoeQGLn3fxkfVkr2c2zI',$,'Concrete column',$,$,$,$,$,$,.NOTDEFINED.);
#23=IFCWINDOWTYPE('3Gcs1ITK1CVBzXV1i7s1AB',$,'Facade glazing',$,$,$,$,$,$,.NOTDEFINED.,.NOTDEFINED.,$,$);
#24=IFCDOORTYPE('2GLsnmfAXBHx$4$8PauQ1J',$,'Entrance door',$,$,$,$,$,$,.NOTDEFINED.,.NOTDEFINED.,$,$);
#25=IFCROOFTYPE('0f3bNSUTf1mfZYHygd60Yj',$,'Flat roof',$,$,$,$,$,$,.NOTDEFINED.);
#26=IFCSURFACESTYLE('Demo floor',.BOTH.,(#27));
#27=IFCSURFACESTYLESHADING(#28,0.);
#28=IFCCOLOURRGB($,0.63,0.68000000000000005,0.67000000000000004);
#29=IFCSURFACESTYLE('Demo wall',.BOTH.,(#30));
#30=IFCSURFACESTYLESHADING(#31,0.);
#31=IFCCOLOURRGB($,0.87,0.88,0.80000000000000004);
#32=IFCSURFACESTYLE('Demo column',.BOTH.,(#33));
#33=IFCSURFACESTYLESHADING(#34,0.);
#34=IFCCOLOURRGB($,0.41999999999999998,0.47999999999999998,0.46000000000000002);
#35=IFCSURFACESTYLE('Demo glass',.BOTH.,(#36));
#36=IFCSURFACESTYLESHADING(#37,0.29999999999999999);
#37=IFCCOLOURRGB($,0.28999999999999998,0.56000000000000005,0.66000000000000003);
#38=IFCSURFACESTYLE('Demo door',.BOTH.,(#39));
#39=IFCSURFACESTYLESHADING(#40,0.);
#40=IFCCOLOURRGB($,0.78000000000000003,0.45000000000000001,0.19);
#41=IFCSURFACESTYLE('Demo roof',.BOTH.,(#42));
#42=IFCSURFACESTYLESHADING(#43,0.);
#43=IFCCOLOURRGB($,0.29999999999999999,0.37,0.38);
#44=IFCSLAB('1ITf61oCbB5gX_gtVRJX3M',$,'Level 1 floor',$,$,#66,#54,$,$);
#45=IFCCARTESIANPOINTLIST3D(((0.,0.,0.),(30.,0.,0.),(30.,18.,0.),(0.,18.,0.),(0.,0.,0.28000000000000003),(30.,0.,0.28000000000000003),(30.,18.,0.28000000000000003),(0.,18.,0.28000000000000003)));
#46=IFCINDEXEDPOLYGONALFACE((1,4,3,2));
#47=IFCINDEXEDPOLYGONALFACE((5,6,7,8));
#48=IFCINDEXEDPOLYGONALFACE((1,2,6,5));
#49=IFCINDEXEDPOLYGONALFACE((2,3,7,6));
#50=IFCINDEXEDPOLYGONALFACE((3,4,8,7));
#51=IFCINDEXEDPOLYGONALFACE((4,1,5,8));
#52=IFCPOLYGONALFACESET(#45,$,(#46,#47,#48,#49,#50,#51),$);
#53=IFCSHAPEREPRESENTATION(#11,'Body','Tessellation',(#52));
#54=IFCPRODUCTDEFINITIONSHAPE($,$,(#53));
#55=IFCSTYLEDITEM(#52,(#26),'Demo floor');
#61=IFCRELCONTAINEDINSPATIALSTRUCTURE('1zlvZujNf8KPswyu763$yH',$,$,$,(#820,#136,#424,#270,#314,#336,#578,#402,#644,#248,#688,#446,#490,#512,#666,#732,#754,#886,#908,#974,#996,#1062,#622,#864,#468,#710,#930,#556,#776,#798,#952,#1018,#1040,#380,#1084,#1106,#1128,#91,#534,#1194,#181,#842,#113,#292,#159,#203,#225,#1150,#600,#358,#44,#1172,#68),#16);
#62=IFCCARTESIANPOINT((-15.,-9.,-0.28000000000000003));
#63=IFCDIRECTION((0.,0.,1.));
#64=IFCDIRECTION((1.,0.,0.));
#65=IFCAXIS2PLACEMENT3D(#62,#63,#64);
#66=IFCLOCALPLACEMENT($,#65);
#67=IFCRELDEFINESBYTYPE('2kQqVtQmH4fRd0zx_gZJcW',$,$,$,(#44,#2361,#1216),#20);
#68=IFCWALL('3rXxqjLzPAzP80URJcQWWA',$,'Level 1 south sill',$,$,#89,#78,$,$);
#69=IFCCARTESIANPOINTLIST3D(((0.,0.,0.),(30.,0.,0.),(30.,0.29999999999999999,0.),(0.,0.29999999999999999,0.),(0.,0.,0.80000000000000004),(30.,0.,0.80000000000000004),(30.,0.29999999999999999,0.80000000000000004),(0.,0.29999999999999999,0.80000000000000004)));
#70=IFCINDEXEDPOLYGONALFACE((1,4,3,2));
#71=IFCINDEXEDPOLYGONALFACE((5,6,7,8));
#72=IFCINDEXEDPOLYGONALFACE((1,2,6,5));
#73=IFCINDEXEDPOLYGONALFACE((2,3,7,6));
#74=IFCINDEXEDPOLYGONALFACE((3,4,8,7));
#75=IFCINDEXEDPOLYGONALFACE((4,1,5,8));
#76=IFCPOLYGONALFACESET(#69,$,(#70,#71,#72,#73,#74,#75),$);
#77=IFCSHAPEREPRESENTATION(#11,'Body','Tessellation',(#76));
#78=IFCPRODUCTDEFINITIONSHAPE($,$,(#77));
#79=IFCSTYLEDITEM(#76,(#29),'Demo wall');
#85=IFCCARTESIANPOINT((-15.,-9.,0.));
#86=IFCDIRECTION((0.,0.,1.));
#87=IFCDIRECTION((1.,0.,0.));
#88=IFCAXIS2PLACEMENT3D(#85,#86,#87);
#89=IFCLOCALPLACEMENT($,#88);
#90=IFCRELDEFINESBYTYPE('1iV4800ar6Hwnsg278sl6y',$,$,$,(#1877,#91,#2053,#2339,#2384,#402,#424,#886,#908,#732,#2406,#2031,#2692,#2714,#3176,#3000,#3022,#3198,#3484,#710,#1194,#1239,#1261,#1547,#1569,#68,#1855),#21);
#91=IFCWALL('1werw3ZRjEuB$tGo0YsvIB',$,'Level 1 south header',$,$,#112,#101,$,$);
#92=IFCCARTESIANPOINTLIST3D(((0.,0.,0.),(30.,0.,0.),(30.,0.29999999999999999,0.),(0.,0.29999999999999999,0.),(0.,0.,0.69999999999999996),(30.,0.,0.69999999999999996),(30.,0.29999999999999999,0.69999999999999996),(0.,0.29999999999999999,0.69999999999999996)));
#93=IFCINDEXEDPOLYGONALFACE((1,4,3,2));
#94=IFCINDEXEDPOLYGONALFACE((5,6,7,8));
#95=IFCINDEXEDPOLYGONALFACE((1,2,6,5));
#96=IFCINDEXEDPOLYGONALFACE((2,3,7,6));
#97=IFCINDEXEDPOLYGONALFACE((3,4,8,7));
#98=IFCINDEXEDPOLYGONALFACE((4,1,5,8));
#99=IFCPOLYGONALFACESET(#92,$,(#93,#94,#95,#96,#97,#98),$);
#100=IFCSHAPEREPRESENTATION(#11,'Body','Tessellation',(#99));
#101=IFCPRODUCTDEFINITIONSHAPE($,$,(#100));
#102=IFCSTYLEDITEM(#99,(#29),'Demo wall');
#108=IFCCARTESIANPOINT((-15.,-9.,2.8999999999999999));
#109=IFCDIRECTION((0.,0.,1.));
#110=IFCDIRECTION((1.,0.,0.));
#111=IFCAXIS2PLACEMENT3D(#108,#109,#110);
#112=IFCLOCALPLACEMENT($,#111);
#113=IFCCOLUMN('0xgxVc3BX9Tff9hyK6VunH',$,'Level 1 south pier 1',$,$,#134,#123,$,$);
#114=IFCCARTESIANPOINTLIST3D(((0.,0.,0.),(0.40000000000000002,0.,0.),(0.40000000000000002,0.40000000000000002,0.),(0.,0.40000000000000002,0.),(0.,0.,3.6000000000000001),(0.40000000000000002,0.,3.6000000000000001),(0.40000000000000002,0.40000000000000002,3.6000000000000001),(0.,0.40000000000000002,3.6000000000000001)));
#115=IFCINDEXEDPOLYGONALFACE((1,4,3,2));
#116=IFCINDEXEDPOLYGONALFACE((5,6,7,8));
#117=IFCINDEXEDPOLYGONALFACE((1,2,6,5));
#118=IFCINDEXEDPOLYGONALFACE((2,3,7,6));
#119=IFCINDEXEDPOLYGONALFACE((3,4,8,7));
#120=IFCINDEXEDPOLYGONALFACE((4,1,5,8));
#121=IFCPOLYGONALFACESET(#114,$,(#115,#116,#117,#118,#119,#120),$);
#122=IFCSHAPEREPRESENTATION(#11,'Body','Tessellation',(#121));
#123=IFCPRODUCTDEFINITIONSHAPE($,$,(#122));
#124=IFCSTYLEDITEM(#121,(#32),'Demo column');
#130=IFCCARTESIANPOINT((-15.,-9.,0.));
#131=IFCDIRECTION((0.,0.,1.));
#132=IFCDIRECTION((1.,0.,0.));
#133=IFCAXIS2PLACEMENT3D(#130,#131,#132);
#134=IFCLOCALPLACEMENT($,#133);
#135=IFCRELDEFINESBYTYPE('26w0Yzppf4hvg0ZgBmcUxr',$,$,$,(#3462,#1503,#1591,#2075,#1679,#2119,#2163,#2207,#2229,#2251,#534,#578,#666,#1150,#754,#930,#1018,#1084,#1106,#1128,#113,#2516,#2604,#2736,#2868,#2472,#2956,#2560,#3396,#3044,#3088,#3418,#3440,#1415,#1459,#1943,#1635,#3308,#1767,#1811,#2273,#2295,#1899,#2317,#1987,#270,#314,#358,#842,#446,#490,#974,#1062,#622,#1172,#798,#2824,#2428,#2912,#159,#203,#2648,#3132,#2780,#3220,#3264,#3352,#3374,#1283,#1723,#1327,#1371),#22);
#136=IFCWINDOW('2nC1BNy6vEB848ZRaYrMBr',$,'Level 1 south window 1',$,$,#157,#146,$,$,$,$,$,$);
#137=IFCCARTESIANPOINTLIST3D(((0.,0.,0.),(4.0999999999999996,0.,0.),(4.0999999999999996,0.12,0.),(0.,0.12,0.),(0.,0.,2.1000000000000001),(4.0999999999999996,0.,2.1000000000000001),(4.0999999999999996,0.12,2.1000000000000001),(0.,0.12,2.1000000000000001)));
#138=IFCINDEXEDPOLYGONALFACE((1,4,3,2));
#139=IFCINDEXEDPOLYGONALFACE((5,6,7,8));
#140=IFCINDEXEDPOLYGONALFACE((1,2,6,5));
#141=IFCINDEXEDPOLYGONALFACE((2,3,7,6));
#142=IFCINDEXEDPOLYGONALFACE((3,4,8,7));
#143=IFCINDEXEDPOLYGONALFACE((4,1,5,8));
#144=IFCPOLYGONALFACESET(#137,$,(#138,#139,#140,#141,#142,#143),$);
#145=IFCSHAPEREPRESENTATION(#11,'Body','Tessellation',(#144));
#146=IFCPRODUCTDEFINITIONSHAPE($,$,(#145));
#147=IFCSTYLEDITEM(#144,(#35),'Demo glass');
#153=IFCCARTESIANPOINT((-14.550000000000001,-8.8800000000000008,0.80000000000000004));
#154=IFCDIRECTION((0.,0.,1.));
#155=IFCDIRECTION((1.,0.,0.));
#156=IFCAXIS2PLACEMENT3D(#153,#154,#155);
#157=IFCLOCALPLACEMENT($,#156);
#158=IFCRELDEFINESBYTYPE('1XlMDR16z8ueOra4hlK8dI',$,$,$,(#2185,#136,#1745,#1349,#2009,#1833,#1437,#1657,#1921,#1965,#2097,#2141,#1701,#292,#336,#820,#380,#248,#688,#512,#644,#996,#600,#864,#468,#952,#556,#776,#1040,#1525,#181,#2582,#3066,#2450,#2494,#2670,#2758,#2626,#2846,#2890,#2934,#2538,#2978,#2802,#3154,#3242,#3110,#3286,#3330,#1393,#1481,#1305,#1789,#1613),#23);
#159=IFCCOLUMN('1xuDkyR6HDT9nTaDYuqNPx',$,'Level 1 south pier 2',$,$,#180,#169,$,$);
#160=IFCCARTESIANPOINTLIST3D(((0.,0.,0.),(0.40000000000000002,0.,0.),(0.40000000000000002,0.40000000000000002,0.),(0.,0.40000000000000002,0.),(0.,0.,3.6000000000000001),(0.40000000000000002,0.,3.6000000000000001),(0.40000000000000002,0.40000000000000002,3.6000000000000001),(0.,0.40000000000000002,3.6000000000000001)));
#161=IFCINDEXEDPOLYGONALFACE((1,4,3,2));
#162=IFCINDEXEDPOLYGONALFACE((5,6,7,8));
#163=IFCINDEXEDPOLYGONALFACE((1,2,6,5));
#164=IFCINDEXEDPOLYGONALFACE((2,3,7,6));
#165=IFCINDEXEDPOLYGONALFACE((3,4,8,7));
#166=IFCINDEXEDPOLYGONALFACE((4,1,5,8));
#167=IFCPOLYGONALFACESET(#160,$,(#161,#162,#163,#164,#165,#166),$);
#168=IFCSHAPEREPRESENTATION(#11,'Body','Tessellation',(#167));
#169=IFCPRODUCTDEFINITIONSHAPE($,$,(#168));
#170=IFCSTYLEDITEM(#167,(#32),'Demo column');
#176=IFCCARTESIANPOINT((-10.,-9.,0.));
#177=IFCDIRECTION((0.,0.,1.));
#178=IFCDIRECTION((1.,0.,0.));
#179=IFCAXIS2PLACEMENT3D(#176,#177,#178);
#180=IFCLOCALPLACEMENT($,#179);
#181=IFCWINDOW('1QrHclt2D228q4VYgq3QV$',$,'Level 1 south window 2',$,$,#202,#191,$,$,$,$,$,$);
#182=IFCCARTESIANPOINTLIST3D(((0.,0.,0.),(4.0999999999999996,0.,0.),(4.0999999999999996,0.12,0.),(0.,0.12,0.),(0.,0.,2.1000000000000001),(4.0999999999999996,0.,2.1000000000000001),(4.0999999999999996,0.12,2.1000000000000001),(0.,0.12,2.1000000000000001)));
#183=IFCINDEXEDPOLYGONALFACE((1,4,3,2));
#184=IFCINDEXEDPOLYGONALFACE((5,6,7,8));
#185=IFCINDEXEDPOLYGONALFACE((1,2,6,5));
#186=IFCINDEXEDPOLYGONALFACE((2,3,7,6));
#187=IFCINDEXEDPOLYGONALFACE((3,4,8,7));
#188=IFCINDEXEDPOLYGONALFACE((4,1,5,8));
#189=IFCPOLYGONALFACESET(#182,$,(#183,#184,#185,#186,#187,#188),$);
#190=IFCSHAPEREPRESENTATION(#11,'Body','Tessellation',(#189));
#191=IFCPRODUCTDEFINITIONSHAPE($,$,(#190));
#192=IFCSTYLEDITEM(#189,(#35),'Demo glass');
#198=IFCCARTESIANPOINT((-9.5500000000000007,-8.8800000000000008,0.80000000000000004));
#199=IFCDIRECTION((0.,0.,1.));
#200=IFCDIRECTION((1.,0.,0.));
#201=IFCAXIS2PLACEMENT3D(#198,#199,#200);
#202=IFCLOCALPLACEMENT($,#201);
#203=IFCCOLUMN('3C9QogNzLCLBZmoPAzW8Ay',$,'Level 1 south pier 3',$,$,#224,#213,$,$);
#204=IFCCARTESIANPOINTLIST3D(((0.,0.,0.),(0.40000000000000002,0.,0.),(0.40000000000000002,0.40000000000000002,0.),(0.,0.40000000000000002,0.),(0.,0.,3.6000000000000001),(0.40000000000000002,0.,3.6000000000000001),(0.40000000000000002,0.40000000000000002,3.6000000000000001),(0.,0.40000000000000002,3.6000000000000001)));
#205=IFCINDEXEDPOLYGONALFACE((1,4,3,2));
#206=IFCINDEXEDPOLYGONALFACE((5,6,7,8));
#207=IFCINDEXEDPOLYGONALFACE((1,2,6,5));
#208=IFCINDEXEDPOLYGONALFACE((2,3,7,6));
#209=IFCINDEXEDPOLYGONALFACE((3,4,8,7));
#210=IFCINDEXEDPOLYGONALFACE((4,1,5,8));
#211=IFCPOLYGONALFACESET(#204,$,(#205,#206,#207,#208,#209,#210),$);
#212=IFCSHAPEREPRESENTATION(#11,'Body','Tessellation',(#211));
#213=IFCPRODUCTDEFINITIONSHAPE($,$,(#212));
#214=IFCSTYLEDITEM(#211,(#32),'Demo column');
#220=IFCCARTESIANPOINT((-5.,-9.,0.));
#221=IFCDIRECTION((0.,0.,1.));
#222=IFCDIRECTION((1.,0.,0.));
#223=IFCAXIS2PLACEMENT3D(#220,#221,#222);
#224=IFCLOCALPLACEMENT($,#223);
#225=IFCDOOR('3__xCOQXz3d8OtYG3JJLIH',$,'Main entrance',$,$,#246,#235,$,$,$,$,$,$);
#226=IFCCARTESIANPOINTLIST3D(((0.,0.,0.),(2.,0.,0.),(2.,0.12,0.),(0.,0.12,0.),(0.,0.,2.1000000000000001),(2.,0.,2.1000000000000001),(2.,0.12,2.1000000000000001),(0.,0.12,2.1000000000000001)));
#227=IFCINDEXEDPOLYGONALFACE((1,4,3,2));
#228=IFCINDEXEDPOLYGONALFACE((5,6,7,8));
#229=IFCINDEXEDPOLYGONALFACE((1,2,6,5));
#230=IFCINDEXEDPOLYGONALFACE((2,3,7,6));
#231=IFCINDEXEDPOLYGONALFACE((3,4,8,7));
#232=IFCINDEXEDPOLYGONALFACE((4,1,5,8));
#233=IFCPOLYGONALFACESET(#226,$,(#227,#228,#229,#230,#231,#232),$);
#234=IFCSHAPEREPRESENTATION(#11,'Body','Tessellation',(#233));
#235=IFCPRODUCTDEFINITIONSHAPE($,$,(#234));
#236=IFCSTYLEDITEM(#233,(#38),'Demo door');
#242=IFCCARTESIANPOINT((-4.5499999999999998,-8.8800000000000008,0.80000000000000004));
#243=IFCDIRECTION((0.,0.,1.));
#244=IFCDIRECTION((1.,0.,0.));
#245=IFCAXIS2PLACEMENT3D(#242,#243,#244);
#246=IFCLOCALPLACEMENT($,#245);
#247=IFCRELDEFINESBYTYPE('3JLAFZOm14yuREWmQidmSa',$,$,$,(#225),#24);
#248=IFCWINDOW('1MFAwkQO590vtZlmHHuw5O',$,'Entrance sidelight',$,$,#269,#258,$,$,$,$,$,$);
#249=IFCCARTESIANPOINTLIST3D(((0.,0.,0.),(2.,0.,0.),(2.,0.12,0.),(0.,0.12,0.),(0.,0.,2.1000000000000001),(2.,0.,2.1000000000000001),(2.,0.12,2.1000000000000001),(0.,0.12,2.1000000000000001)));
#250=IFCINDEXEDPOLYGONALFACE((1,4,3,2));
#251=IFCINDEXEDPOLYGONALFACE((5,6,7,8));
#252=IFCINDEXEDPOLYGONALFACE((1,2,6,5));
#253=IFCINDEXEDPOLYGONALFACE((2,3,7,6));
#254=IFCINDEXEDPOLYGONALFACE((3,4,8,7));
#255=IFCINDEXEDPOLYGONALFACE((4,1,5,8));
#256=IFCPOLYGONALFACESET(#249,$,(#250,#251,#252,#253,#254,#255),$);
#257=IFCSHAPEREPRESENTATION(#11,'Body','Tessellation',(#256));
#258=IFCPRODUCTDEFINITIONSHAPE($,$,(#257));
#259=IFCSTYLEDITEM(#256,(#35),'Demo glass');
#265=IFCCARTESIANPOINT((-2.4500000000000002,-8.8800000000000008,0.80000000000000004));
#266=IFCDIRECTION((0.,0.,1.));
#267=IFCDIRECTION((1.,0.,0.));
#268=IFCAXIS2PLACEMENT3D(#265,#266,#267);
#269=IFCLOCALPLACEMENT($,#268);
#270=IFCCOLUMN('39eyCBPov53PL$7o0_BFrm',$,'Level 1 south pier 4',$,$,#291,#280,$,$);
#271=IFCCARTESIANPOINTLIST3D(((0.,0.,0.),(0.40000000000000002,0.,0.),(0.40000000000000002,0.40000000000000002,0.),(0.,0.40000000000000002,0.),(0.,0.,3.6000000000000001),(0.40000000000000002,0.,3.6000000000000001),(0.40000000000000002,0.40000000000000002,3.6000000000000001),(0.,0.40000000000000002,3.6000000000000001)));
#272=IFCINDEXEDPOLYGONALFACE((1,4,3,2));
#273=IFCINDEXEDPOLYGONALFACE((5,6,7,8));
#274=IFCINDEXEDPOLYGONALFACE((1,2,6,5));
#275=IFCINDEXEDPOLYGONALFACE((2,3,7,6));
#276=IFCINDEXEDPOLYGONALFACE((3,4,8,7));
#277=IFCINDEXEDPOLYGONALFACE((4,1,5,8));
#278=IFCPOLYGONALFACESET(#271,$,(#272,#273,#274,#275,#276,#277),$);
#279=IFCSHAPEREPRESENTATION(#11,'Body','Tessellation',(#278));
#280=IFCPRODUCTDEFINITIONSHAPE($,$,(#279));
#281=IFCSTYLEDITEM(#278,(#32),'Demo column');
#287=IFCCARTESIANPOINT((0.,-9.,0.));
#288=IFCDIRECTION((0.,0.,1.));
#289=IFCDIRECTION((1.,0.,0.));
#290=IFCAXIS2PLACEMENT3D(#287,#288,#289);
#291=IFCLOCALPLACEMENT($,#290);
#292=IFCWINDOW('0y0O1PdLXDw9qZvvOHJ7wc',$,'Level 1 south window 4',$,$,#313,#302,$,$,$,$,$,$);
#293=IFCCARTESIANPOINTLIST3D(((0.,0.,0.),(4.0999999999999996,0.,0.),(4.0999999999999996,0.12,0.),(0.,0.12,0.),(0.,0.,2.1000000000000001),(4.0999999999999996,0.,2.1000000000000001),(4.0999999999999996,0.12,2.1000000000000001),(0.,0.12,2.1000000000000001)));
#294=IFCINDEXEDPOLYGONALFACE((1,4,3,2));
#295=IFCINDEXEDPOLYGONALFACE((5,6,7,8));
#296=IFCINDEXEDPOLYGONALFACE((1,2,6,5));
#297=IFCINDEXEDPOLYGONALFACE((2,3,7,6));
#298=IFCINDEXEDPOLYGONALFACE((3,4,8,7));
#299=IFCINDEXEDPOLYGONALFACE((4,1,5,8));
#300=IFCPOLYGONALFACESET(#293,$,(#294,#295,#296,#297,#298,#299),$);
#301=IFCSHAPEREPRESENTATION(#11,'Body','Tessellation',(#300));
#302=IFCPRODUCTDEFINITIONSHAPE($,$,(#301));
#303=IFCSTYLEDITEM(#300,(#35),'Demo glass');
#309=IFCCARTESIANPOINT((0.45000000000000001,-8.8800000000000008,0.80000000000000004));
#310=IFCDIRECTION((0.,0.,1.));
#311=IFCDIRECTION((1.,0.,0.));
#312=IFCAXIS2PLACEMENT3D(#309,#310,#311);
#313=IFCLOCALPLACEMENT($,#312);
#314=IFCCOLUMN('38PKDI0lPEwgqsVnUngKaW',$,'Level 1 south pier 5',$,$,#335,#324,$,$);
#315=IFCCARTESIANPOINTLIST3D(((0.,0.,0.),(0.40000000000000002,0.,0.),(0.40000000000000002,0.40000000000000002,0.),(0.,0.40000000000000002,0.),(0.,0.,3.6000000000000001),(0.40000000000000002,0.,3.6000000000000001),(0.40000000000000002,0.40000000000000002,3.6000000000000001),(0.,0.40000000000000002,3.6000000000000001)));
#316=IFCINDEXEDPOLYGONALFACE((1,4,3,2));
#317=IFCINDEXEDPOLYGONALFACE((5,6,7,8));
#318=IFCINDEXEDPOLYGONALFACE((1,2,6,5));
#319=IFCINDEXEDPOLYGONALFACE((2,3,7,6));
#320=IFCINDEXEDPOLYGONALFACE((3,4,8,7));
#321=IFCINDEXEDPOLYGONALFACE((4,1,5,8));
#322=IFCPOLYGONALFACESET(#315,$,(#316,#317,#318,#319,#320,#321),$);
#323=IFCSHAPEREPRESENTATION(#11,'Body','Tessellation',(#322));
#324=IFCPRODUCTDEFINITIONSHAPE($,$,(#323));
#325=IFCSTYLEDITEM(#322,(#32),'Demo column');
#331=IFCCARTESIANPOINT((5.,-9.,0.));
#332=IFCDIRECTION((0.,0.,1.));
#333=IFCDIRECTION((1.,0.,0.));
#334=IFCAXIS2PLACEMENT3D(#331,#332,#333);
#335=IFCLOCALPLACEMENT($,#334);
#336=IFCWINDOW('1U0x3PkV16OgBgSiwf2vv$',$,'Level 1 south window 5',$,$,#357,#346,$,$,$,$,$,$);
#337=IFCCARTESIANPOINTLIST3D(((0.,0.,0.),(4.0999999999999996,0.,0.),(4.0999999999999996,0.12,0.),(0.,0.12,0.),(0.,0.,2.1000000000000001),(4.0999999999999996,0.,2.1000000000000001),(4.0999999999999996,0.12,2.1000000000000001),(0.,0.12,2.1000000000000001)));
#338=IFCINDEXEDPOLYGONALFACE((1,4,3,2));
#339=IFCINDEXEDPOLYGONALFACE((5,6,7,8));
#340=IFCINDEXEDPOLYGONALFACE((1,2,6,5));
#341=IFCINDEXEDPOLYGONALFACE((2,3,7,6));
#342=IFCINDEXEDPOLYGONALFACE((3,4,8,7));
#343=IFCINDEXEDPOLYGONALFACE((4,1,5,8));
#344=IFCPOLYGONALFACESET(#337,$,(#338,#339,#340,#341,#342,#343),$);
#345=IFCSHAPEREPRESENTATION(#11,'Body','Tessellation',(#344));
#346=IFCPRODUCTDEFINITIONSHAPE($,$,(#345));
#347=IFCSTYLEDITEM(#344,(#35),'Demo glass');
#353=IFCCARTESIANPOINT((5.4500000000000002,-8.8800000000000008,0.80000000000000004));
#354=IFCDIRECTION((0.,0.,1.));
#355=IFCDIRECTION((1.,0.,0.));
#356=IFCAXIS2PLACEMENT3D(#353,#354,#355);
#357=IFCLOCALPLACEMENT($,#356);
#358=IFCCOLUMN('2lZ2E4Hq5CdfXYolFFnRR_',$,'Level 1 south pier 6',$,$,#379,#368,$,$);
#359=IFCCARTESIANPOINTLIST3D(((0.,0.,0.),(0.40000000000000002,0.,0.),(0.40000000000000002,0.40000000000000002,0.),(0.,0.40000000000000002,0.),(0.,0.,3.6000000000000001),(0.40000000000000002,0.,3.6000000000000001),(0.40000000000000002,0.40000000000000002,3.6000000000000001),(0.,0.40000000000000002,3.6000000000000001)));
#360=IFCINDEXEDPOLYGONALFACE((1,4,3,2));
#361=IFCINDEXEDPOLYGONALFACE((5,6,7,8));
#362=IFCINDEXEDPOLYGONALFACE((1,2,6,5));
#363=IFCINDEXEDPOLYGONALFACE((2,3,7,6));
#364=IFCINDEXEDPOLYGONALFACE((3,4,8,7));
#365=IFCINDEXEDPOLYGONALFACE((4,1,5,8));
#366=IFCPOLYGONALFACESET(#359,$,(#360,#361,#362,#363,#364,#365),$);
#367=IFCSHAPEREPRESENTATION(#11,'Body','Tessellation',(#366));
#368=IFCPRODUCTDEFINITIONSHAPE($,$,(#367));
#369=IFCSTYLEDITEM(#366,(#32),'Demo column');
#375=IFCCARTESIANPOINT((10.,-9.,0.));
#376=IFCDIRECTION((0.,0.,1.));
#377=IFCDIRECTION((1.,0.,0.));
#378=IFCAXIS2PLACEMENT3D(#375,#376,#377);
#379=IFCLOCALPLACEMENT($,#378);
#380=IFCWINDOW('1rgzpARDXD7QVUGbSQS7uu',$,'Level 1 south window 6',$,$,#401,#390,$,$,$,$,$,$);
#381=IFCCARTESIANPOINTLIST3D(((0.,0.,0.),(4.0999999999999996,0.,0.),(4.0999999999999996,0.12,0.),(0.,0.12,0.),(0.,0.,2.1000000000000001),(4.0999999999999996,0.,2.1000000000000001),(4.0999999999999996,0.12,2.1000000000000001),(0.,0.12,2.1000000000000001)));
#382=IFCINDEXEDPOLYGONALFACE((1,4,3,2));
#383=IFCINDEXEDPOLYGONALFACE((5,6,7,8));
#384=IFCINDEXEDPOLYGONALFACE((1,2,6,5));
#385=IFCINDEXEDPOLYGONALFACE((2,3,7,6));
#386=IFCINDEXEDPOLYGONALFACE((3,4,8,7));
#387=IFCINDEXEDPOLYGONALFACE((4,1,5,8));
#388=IFCPOLYGONALFACESET(#381,$,(#382,#383,#384,#385,#386,#387),$);
#389=IFCSHAPEREPRESENTATION(#11,'Body','Tessellation',(#388));
#390=IFCPRODUCTDEFINITIONSHAPE($,$,(#389));
#391=IFCSTYLEDITEM(#388,(#35),'Demo glass');
#397=IFCCARTESIANPOINT((10.449999999999999,-8.8800000000000008,0.80000000000000004));
#398=IFCDIRECTION((0.,0.,1.));
#399=IFCDIRECTION((1.,0.,0.));
#400=IFCAXIS2PLACEMENT3D(#397,#398,#399);
#401=IFCLOCALPLACEMENT($,#400);
#402=IFCWALL('041yEEy9550x8e7mKaTCC9',$,'Level 1 north sill',$,$,#423,#412,$,$);
#403=IFCCARTESIANPOINTLIST3D(((0.,0.,0.),(30.,0.,0.),(30.,0.29999999999999999,0.),(0.,0.29999999999999999,0.),(0.,0.,0.80000000000000004),(30.,0.,0.80000000000000004),(30.,0.29999999999999999,0.80000000000000004),(0.,0.29999999999999999,0.80000000000000004)));
#404=IFCINDEXEDPOLYGONALFACE((1,4,3,2));
#405=IFCINDEXEDPOLYGONALFACE((5,6,7,8));
#406=IFCINDEXEDPOLYGONALFACE((1,2,6,5));
#407=IFCINDEXEDPOLYGONALFACE((2,3,7,6));
#408=IFCINDEXEDPOLYGONALFACE((3,4,8,7));
#409=IFCINDEXEDPOLYGONALFACE((4,1,5,8));
#410=IFCPOLYGONALFACESET(#403,$,(#404,#405,#406,#407,#408,#409),$);
#411=IFCSHAPEREPRESENTATION(#11,'Body','Tessellation',(#410));
#412=IFCPRODUCTDEFINITIONSHAPE($,$,(#411));
#413=IFCSTYLEDITEM(#410,(#29),'Demo wall');
#419=IFCCARTESIANPOINT((-15.,8.6999999999999993,0.));
#420=IFCDIRECTION((0.,0.,1.));
#421=IFCDIRECTION((1.,0.,0.));
#422=IFCAXIS2PLACEMENT3D(#419,#420,#421);
#423=IFCLOCALPLACEMENT($,#422);
#424=IFCWALL('2hcZ$8ENbEnfo18iEi3xHV',$,'Level 1 north header',$,$,#445,#434,$,$);
#425=IFCCARTESIANPOINTLIST3D(((0.,0.,0.),(30.,0.,0.),(30.,0.29999999999999999,0.),(0.,0.29999999999999999,0.),(0.,0.,0.69999999999999996),(30.,0.,0.69999999999999996),(30.,0.29999999999999999,0.69999999999999996),(0.,0.29999999999999999,0.69999999999999996)));
#426=IFCINDEXEDPOLYGONALFACE((1,4,3,2));
#427=IFCINDEXEDPOLYGONALFACE((5,6,7,8));
#428=IFCINDEXEDPOLYGONALFACE((1,2,6,5));
#429=IFCINDEXEDPOLYGONALFACE((2,3,7,6));
#430=IFCINDEXEDPOLYGONALFACE((3,4,8,7));
#431=IFCINDEXEDPOLYGONALFACE((4,1,5,8));
#432=IFCPOLYGONALFACESET(#425,$,(#426,#427,#428,#429,#430,#431),$);
#433=IFCSHAPEREPRESENTATION(#11,'Body','Tessellation',(#432));
#434=IFCPRODUCTDEFINITIONSHAPE($,$,(#433));
#435=IFCSTYLEDITEM(#432,(#29),'Demo wall');
#441=IFCCARTESIANPOINT((-15.,8.6999999999999993,2.8999999999999999));
#442=IFCDIRECTION((0.,0.,1.));
#443=IFCDIRECTION((1.,0.,0.));
#444=IFCAXIS2PLACEMENT3D(#441,#442,#443);
#445=IFCLOCALPLACEMENT($,#444);
#446=IFCCOLUMN('3Ari691SjBBQJ0WfWptrvJ',$,'Level 1 north pier 1',$,$,#467,#456,$,$);
#447=IFCCARTESIANPOINTLIST3D(((0.,0.,0.),(0.40000000000000002,0.,0.),(0.40000000000000002,0.40000000000000002,0.),(0.,0.40000000000000002,0.),(0.,0.,3.6000000000000001),(0.40000000000000002,0.,3.6000000000000001),(0.40000000000000002,0.40000000000000002,3.6000000000000001),(0.,0.40000000000000002,3.6000000000000001)));
#448=IFCINDEXEDPOLYGONALFACE((1,4,3,2));
#449=IFCINDEXEDPOLYGONALFACE((5,6,7,8));
#450=IFCINDEXEDPOLYGONALFACE((1,2,6,5));
#451=IFCINDEXEDPOLYGONALFACE((2,3,7,6));
#452=IFCINDEXEDPOLYGONALFACE((3,4,8,7));
#453=IFCINDEXEDPOLYGONALFACE((4,1,5,8));
#454=IFCPOLYGONALFACESET(#447,$,(#448,#449,#450,#451,#452,#453),$);
#455=IFCSHAPEREPRESENTATION(#11,'Body','Tessellation',(#454));
#456=IFCPRODUCTDEFINITIONSHAPE($,$,(#455));
#457=IFCSTYLEDITEM(#454,(#32),'Demo column');
#463=IFCCARTESIANPOINT((-15.,8.6999999999999993,0.));
#464=IFCDIRECTION((0.,0.,1.));
#465=IFCDIRECTION((1.,0.,0.));
#466=IFCAXIS2PLACEMENT3D(#463,#464,#465);
#467=IFCLOCALPLACEMENT($,#466);
#468=IFCWINDOW('0yz2_xIwb1_PboJUVUaMjw',$,'Level 1 north window 1',$,$,#489,#478,$,$,$,$,$,$);
#469=IFCCARTESIANPOINTLIST3D(((0.,0.,0.),(4.0999999999999996,0.,0.),(4.0999999999999996,0.12,0.),(0.,0.12,0.),(0.,0.,2.1000000000000001),(4.0999999999999996,0.,2.1000000000000001),(4.0999999999999996,0.12,2.1000000000000001),(0.,0.12,2.1000000000000001)));
#470=IFCINDEXEDPOLYGONALFACE((1,4,3,2));
#471=IFCINDEXEDPOLYGONALFACE((5,6,7,8));
#472=IFCINDEXEDPOLYGONALFACE((1,2,6,5));
#473=IFCINDEXEDPOLYGONALFACE((2,3,7,6));
#474=IFCINDEXEDPOLYGONALFACE((3,4,8,7));
#475=IFCINDEXEDPOLYGONALFACE((4,1,5,8));
#476=IFCPOLYGONALFACESET(#469,$,(#470,#471,#472,#473,#474,#475),$);
#477=IFCSHAPEREPRESENTATION(#11,'Body','Tessellation',(#476));
#478=IFCPRODUCTDEFINITIONSHAPE($,$,(#477));
#479=IFCSTYLEDITEM(#476,(#35),'Demo glass');
#485=IFCCARTESIANPOINT((-14.550000000000001,8.8199999999999985,0.80000000000000004));
#486=IFCDIRECTION((0.,0.,1.));
#487=IFCDIRECTION((1.,0.,0.));
#488=IFCAXIS2PLACEMENT3D(#485,#486,#487);
#489=IFCLOCALPLACEMENT($,#488);
#490=IFCCOLUMN('3KYKrRhJ1BR9OQBJz6_WWT',$,'Level 1 north pier 2',$,$,#511,#500,$,$);
#491=IFCCARTESIANPOINTLIST3D(((0.,0.,0.),(0.40000000000000002,0.,0.),(0.40000000000000002,0.40000000000000002,0.),(0.,0.40000000000000002,0.),(0.,0.,3.6000000000000001),(0.40000000000000002,0.,3.6000000000000001),(0.40000000000000002,0.40000000000000002,3.6000000000000001),(0.,0.40000000000000002,3.6000000000000001)));
#492=IFCINDEXEDPOLYGONALFACE((1,4,3,2));
#493=IFCINDEXEDPOLYGONALFACE((5,6,7,8));
#494=IFCINDEXEDPOLYGONALFACE((1,2,6,5));
#495=IFCINDEXEDPOLYGONALFACE((2,3,7,6));
#496=IFCINDEXEDPOLYGONALFACE((3,4,8,7));
#497=IFCINDEXEDPOLYGONALFACE((4,1,5,8));
#498=IFCPOLYGONALFACESET(#491,$,(#492,#493,#494,#495,#496,#497),$);
#499=IFCSHAPEREPRESENTATION(#11,'Body','Tessellation',(#498));
#500=IFCPRODUCTDEFINITIONSHAPE($,$,(#499));
#501=IFCSTYLEDITEM(#498,(#32),'Demo column');
#507=IFCCARTESIANPOINT((-10.,8.6999999999999993,0.));
#508=IFCDIRECTION((0.,0.,1.));
#509=IFCDIRECTION((1.,0.,0.));
#510=IFCAXIS2PLACEMENT3D(#507,#508,#509);
#511=IFCLOCALPLACEMENT($,#510);
#512=IFCWINDOW('3a0bp4QEL6keK4NcOp5vUs',$,'Level 1 north window 2',$,$,#533,#522,$,$,$,$,$,$);
#513=IFCCARTESIANPOINTLIST3D(((0.,0.,0.),(4.0999999999999996,0.,0.),(4.0999999999999996,0.12,0.),(0.,0.12,0.),(0.,0.,2.1000000000000001),(4.0999999999999996,0.,2.1000000000000001),(4.0999999999999996,0.12,2.1000000000000001),(0.,0.12,2.1000000000000001)));
#514=IFCINDEXEDPOLYGONALFACE((1,4,3,2));
#515=IFCINDEXEDPOLYGONALFACE((5,6,7,8));
#516=IFCINDEXEDPOLYGONALFACE((1,2,6,5));
#517=IFCINDEXEDPOLYGONALFACE((2,3,7,6));
#518=IFCINDEXEDPOLYGONALFACE((3,4,8,7));
#519=IFCINDEXEDPOLYGONALFACE((4,1,5,8));
#520=IFCPOLYGONALFACESET(#513,$,(#514,#515,#516,#517,#518,#519),$);
#521=IFCSHAPEREPRESENTATION(#11,'Body','Tessellation',(#520));
#522=IFCPRODUCTDEFINITIONSHAPE($,$,(#521));
#523=IFCSTYLEDITEM(#520,(#35),'Demo glass');
#529=IFCCARTESIANPOINT((-9.5500000000000007,8.8199999999999985,0.80000000000000004));
#530=IFCDIRECTION((0.,0.,1.));
#531=IFCDIRECTION((1.,0.,0.));
#532=IFCAXIS2PLACEMENT3D(#529,#530,#531);
#533=IFCLOCALPLACEMENT($,#532);
#534=IFCCOLUMN('2lEBOO7IPDhvgUBqHZcY4Q',$,'Level 1 north pier 3',$,$,#555,#544,$,$);
#535=IFCCARTESIANPOINTLIST3D(((0.,0.,0.),(0.40000000000000002,0.,0.),(0.40000000000000002,0.40000000000000002,0.),(0.,0.40000000000000002,0.),(0.,0.,3.6000000000000001),(0.40000000000000002,0.,3.6000000000000001),(0.40000000000000002,0.40000000000000002,3.6000000000000001),(0.,0.40000000000000002,3.6000000000000001)));
#536=IFCINDEXEDPOLYGONALFACE((1,4,3,2));
#537=IFCINDEXEDPOLYGONALFACE((5,6,7,8));
#538=IFCINDEXEDPOLYGONALFACE((1,2,6,5));
#539=IFCINDEXEDPOLYGONALFACE((2,3,7,6));
#540=IFCINDEXEDPOLYGONALFACE((3,4,8,7));
#541=IFCINDEXEDPOLYGONALFACE((4,1,5,8));
#542=IFCPOLYGONALFACESET(#535,$,(#536,#537,#538,#539,#540,#541),$);
#543=IFCSHAPEREPRESENTATION(#11,'Body','Tessellation',(#542));
#544=IFCPRODUCTDEFINITIONSHAPE($,$,(#543));
#545=IFCSTYLEDITEM(#542,(#32),'Demo column');
#551=IFCCARTESIANPOINT((-5.,8.6999999999999993,0.));
#552=IFCDIRECTION((0.,0.,1.));
#553=IFCDIRECTION((1.,0.,0.));
#554=IFCAXIS2PLACEMENT3D(#551,#552,#553);
#555=IFCLOCALPLACEMENT($,#554);
#556=IFCWINDOW('0L5C4aOBLCffBEuCc15j5j',$,'Level 1 north window 3',$,$,#577,#566,$,$,$,$,$,$);
#557=IFCCARTESIANPOINTLIST3D(((0.,0.,0.),(4.0999999999999996,0.,0.),(4.0999999999999996,0.12,0.),(0.,0.12,0.),(0.,0.,2.1000000000000001),(4.0999999999999996,0.,2.1000000000000001),(4.0999999999999996,0.12,2.1000000000000001),(0.,0.12,2.1000000000000001)));
#558=IFCINDEXEDPOLYGONALFACE((1,4,3,2));
#559=IFCINDEXEDPOLYGONALFACE((5,6,7,8));
#560=IFCINDEXEDPOLYGONALFACE((1,2,6,5));
#561=IFCINDEXEDPOLYGONALFACE((2,3,7,6));
#562=IFCINDEXEDPOLYGONALFACE((3,4,8,7));
#563=IFCINDEXEDPOLYGONALFACE((4,1,5,8));
#564=IFCPOLYGONALFACESET(#557,$,(#558,#559,#560,#561,#562,#563),$);
#565=IFCSHAPEREPRESENTATION(#11,'Body','Tessellation',(#564));
#566=IFCPRODUCTDEFINITIONSHAPE($,$,(#565));
#567=IFCSTYLEDITEM(#564,(#35),'Demo glass');
#573=IFCCARTESIANPOINT((-4.5499999999999998,8.8199999999999985,0.80000000000000004));
#574=IFCDIRECTION((0.,0.,1.));
#575=IFCDIRECTION((1.,0.,0.));
#576=IFCAXIS2PLACEMENT3D(#573,#574,#575);
#577=IFCLOCALPLACEMENT($,#576);
#578=IFCCOLUMN('1GuktQ1yz29QIopGAay4wZ',$,'Level 1 north pier 4',$,$,#599,#588,$,$);
#579=IFCCARTESIANPOINTLIST3D(((0.,0.,0.),(0.40000000000000002,0.,0.),(0.40000000000000002,0.40000000000000002,0.),(0.,0.40000000000000002,0.),(0.,0.,3.6000000000000001),(0.40000000000000002,0.,3.6000000000000001),(0.40000000000000002,0.40000000000000002,3.6000000000000001),(0.,0.40000000000000002,3.6000000000000001)));
#580=IFCINDEXEDPOLYGONALFACE((1,4,3,2));
#581=IFCINDEXEDPOLYGONALFACE((5,6,7,8));
#582=IFCINDEXEDPOLYGONALFACE((1,2,6,5));
#583=IFCINDEXEDPOLYGONALFACE((2,3,7,6));
#584=IFCINDEXEDPOLYGONALFACE((3,4,8,7));
#585=IFCINDEXEDPOLYGONALFACE((4,1,5,8));
#586=IFCPOLYGONALFACESET(#579,$,(#580,#581,#582,#583,#584,#585),$);
#587=IFCSHAPEREPRESENTATION(#11,'Body','Tessellation',(#586));
#588=IFCPRODUCTDEFINITIONSHAPE($,$,(#587));
#589=IFCSTYLEDITEM(#586,(#32),'Demo column');
#595=IFCCARTESIANPOINT((0.,8.6999999999999993,0.));
#596=IFCDIRECTION((0.,0.,1.));
#597=IFCDIRECTION((1.,0.,0.));
#598=IFCAXIS2PLACEMENT3D(#595,#596,#597);
#599=IFCLOCALPLACEMENT($,#598);
#600=IFCWINDOW('36iI4_YW98_vP6s3vr830z',$,'Level 1 north window 4',$,$,#621,#610,$,$,$,$,$,$);
#601=IFCCARTESIANPOINTLIST3D(((0.,0.,0.),(4.0999999999999996,0.,0.),(4.0999999999999996,0.12,0.),(0.,0.12,0.),(0.,0.,2.1000000000000001),(4.0999999999999996,0.,2.1000000000000001),(4.0999999999999996,0.12,2.1000000000000001),(0.,0.12,2.1000000000000001)));
#602=IFCINDEXEDPOLYGONALFACE((1,4,3,2));
#603=IFCINDEXEDPOLYGONALFACE((5,6,7,8));
#604=IFCINDEXEDPOLYGONALFACE((1,2,6,5));
#605=IFCINDEXEDPOLYGONALFACE((2,3,7,6));
#606=IFCINDEXEDPOLYGONALFACE((3,4,8,7));
#607=IFCINDEXEDPOLYGONALFACE((4,1,5,8));
#608=IFCPOLYGONALFACESET(#601,$,(#602,#603,#604,#605,#606,#607),$);
#609=IFCSHAPEREPRESENTATION(#11,'Body','Tessellation',(#608));
#610=IFCPRODUCTDEFINITIONSHAPE($,$,(#609));
#611=IFCSTYLEDITEM(#608,(#35),'Demo glass');
#617=IFCCARTESIANPOINT((0.45000000000000001,8.8199999999999985,0.80000000000000004));
#618=IFCDIRECTION((0.,0.,1.));
#619=IFCDIRECTION((1.,0.,0.));
#620=IFCAXIS2PLACEMENT3D(#617,#618,#619);
#621=IFCLOCALPLACEMENT($,#620);
#622=IFCCOLUMN('2H37ljtMbFRev5_CNATagT',$,'Level 1 north pier 5',$,$,#643,#632,$,$);
#623=IFCCARTESIANPOINTLIST3D(((0.,0.,0.),(0.40000000000000002,0.,0.),(0.40000000000000002,0.40000000000000002,0.),(0.,0.40000000000000002,0.),(0.,0.,3.6000000000000001),(0.40000000000000002,0.,3.6000000000000001),(0.40000000000000002,0.40000000000000002,3.6000000000000001),(0.,0.40000000000000002,3.6000000000000001)));
#624=IFCINDEXEDPOLYGONALFACE((1,4,3,2));
#625=IFCINDEXEDPOLYGONALFACE((5,6,7,8));
#626=IFCINDEXEDPOLYGONALFACE((1,2,6,5));
#627=IFCINDEXEDPOLYGONALFACE((2,3,7,6));
#628=IFCINDEXEDPOLYGONALFACE((3,4,8,7));
#629=IFCINDEXEDPOLYGONALFACE((4,1,5,8));
#630=IFCPOLYGONALFACESET(#623,$,(#624,#625,#626,#627,#628,#629),$);
#631=IFCSHAPEREPRESENTATION(#11,'Body','Tessellation',(#630));
#632=IFCPRODUCTDEFINITIONSHAPE($,$,(#631));
#633=IFCSTYLEDITEM(#630,(#32),'Demo column');
#639=IFCCARTESIANPOINT((5.,8.6999999999999993,0.));
#640=IFCDIRECTION((0.,0.,1.));
#641=IFCDIRECTION((1.,0.,0.));
#642=IFCAXIS2PLACEMENT3D(#639,#640,#641);
#643=IFCLOCALPLACEMENT($,#642);
#644=IFCWINDOW('0CX4jIvfn0dO3beyNwaMUv',$,'Level 1 north window 5',$,$,#665,#654,$,$,$,$,$,$);
#645=IFCCARTESIANPOINTLIST3D(((0.,0.,0.),(4.0999999999999996,0.,0.),(4.0999999999999996,0.12,0.),(0.,0.12,0.),(0.,0.,2.1000000000000001),(4.0999999999999996,0.,2.1000000000000001),(4.0999999999999996,0.12,2.1000000000000001),(0.,0.12,2.1000000000000001)));
#646=IFCINDEXEDPOLYGONALFACE((1,4,3,2));
#647=IFCINDEXEDPOLYGONALFACE((5,6,7,8));
#648=IFCINDEXEDPOLYGONALFACE((1,2,6,5));
#649=IFCINDEXEDPOLYGONALFACE((2,3,7,6));
#650=IFCINDEXEDPOLYGONALFACE((3,4,8,7));
#651=IFCINDEXEDPOLYGONALFACE((4,1,5,8));
#652=IFCPOLYGONALFACESET(#645,$,(#646,#647,#648,#649,#650,#651),$);
#653=IFCSHAPEREPRESENTATION(#11,'Body','Tessellation',(#652));
#654=IFCPRODUCTDEFINITIONSHAPE($,$,(#653));
#655=IFCSTYLEDITEM(#652,(#35),'Demo glass');
#661=IFCCARTESIANPOINT((5.4500000000000002,8.8199999999999985,0.80000000000000004));
#662=IFCDIRECTION((0.,0.,1.));
#663=IFCDIRECTION((1.,0.,0.));
#664=IFCAXIS2PLACEMENT3D(#661,#662,#663);
#665=IFCLOCALPLACEMENT($,#664);
#666=IFCCOLUMN('18ow0oA353AQrqVy7ekOyS',$,'Level 1 north pier 6',$,$,#687,#676,$,$);
#667=IFCCARTESIANPOINTLIST3D(((0.,0.,0.),(0.40000000000000002,0.,0.),(0.40000000000000002,0.40000000000000002,0.),(0.,0.40000000000000002,0.),(0.,0.,3.6000000000000001),(0.40000000000000002,0.,3.6000000000000001),(0.40000000000000002,0.40000000000000002,3.6000000000000001),(0.,0.40000000000000002,3.6000000000000001)));
#668=IFCINDEXEDPOLYGONALFACE((1,4,3,2));
#669=IFCINDEXEDPOLYGONALFACE((5,6,7,8));
#670=IFCINDEXEDPOLYGONALFACE((1,2,6,5));
#671=IFCINDEXEDPOLYGONALFACE((2,3,7,6));
#672=IFCINDEXEDPOLYGONALFACE((3,4,8,7));
#673=IFCINDEXEDPOLYGONALFACE((4,1,5,8));
#674=IFCPOLYGONALFACESET(#667,$,(#668,#669,#670,#671,#672,#673),$);
#675=IFCSHAPEREPRESENTATION(#11,'Body','Tessellation',(#674));
#676=IFCPRODUCTDEFINITIONSHAPE($,$,(#675));
#677=IFCSTYLEDITEM(#674,(#32),'Demo column');
#683=IFCCARTESIANPOINT((10.,8.6999999999999993,0.));
#684=IFCDIRECTION((0.,0.,1.));
#685=IFCDIRECTION((1.,0.,0.));
#686=IFCAXIS2PLACEMENT3D(#683,#684,#685);
#687=IFCLOCALPLACEMENT($,#686);
#688=IFCWINDOW('0p72lzQHvA1QQcG2YFFx5Y',$,'Level 1 north window 6',$,$,#709,#698,$,$,$,$,$,$);
#689=IFCCARTESIANPOINTLIST3D(((0.,0.,0.),(4.0999999999999996,0.,0.),(4.0999999999999996,0.12,0.),(0.,0.12,0.),(0.,0.,2.1000000000000001),(4.0999999999999996,0.,2.1000000000000001),(4.0999999999999996,0.12,2.1000000000000001),(0.,0.12,2.1000000000000001)));
#690=IFCINDEXEDPOLYGONALFACE((1,4,3,2));
#691=IFCINDEXEDPOLYGONALFACE((5,6,7,8));
#692=IFCINDEXEDPOLYGONALFACE((1,2,6,5));
#693=IFCINDEXEDPOLYGONALFACE((2,3,7,6));
#694=IFCINDEXEDPOLYGONALFACE((3,4,8,7));
#695=IFCINDEXEDPOLYGONALFACE((4,1,5,8));
#696=IFCPOLYGONALFACESET(#689,$,(#690,#691,#692,#693,#694,#695),$);
#697=IFCSHAPEREPRESENTATION(#11,'Body','Tessellation',(#696));
#698=IFCPRODUCTDEFINITIONSHAPE($,$,(#697));
#699=IFCSTYLEDITEM(#696,(#35),'Demo glass');
#705=IFCCARTESIANPOINT((10.449999999999999,8.8199999999999985,0.80000000000000004));
#706=IFCDIRECTION((0.,0.,1.));
#707=IFCDIRECTION((1.,0.,0.));
#708=IFCAXIS2PLACEMENT3D(#705,#706,#707);
#709=IFCLOCALPLACEMENT($,#708);
#710=IFCWALL('1udf6ewJTCs92I_C9PBdoJ',$,'Level 1 west sill',$,$,#731,#720,$,$);
#711=IFCCARTESIANPOINTLIST3D(((0.,0.,0.),(0.29999999999999999,0.,0.),(0.29999999999999999,18.,0.),(0.,18.,0.),(0.,0.,0.80000000000000004),(0.29999999999999999,0.,0.80000000000000004),(0.29999999999999999,18.,0.80000000000000004),(0.,18.,0.80000000000000004)));
#712=IFCINDEXEDPOLYGONALFACE((1,4,3,2));
#713=IFCINDEXEDPOLYGONALFACE((5,6,7,8));
#714=IFCINDEXEDPOLYGONALFACE((1,2,6,5));
#715=IFCINDEXEDPOLYGONALFACE((2,3,7,6));
#716=IFCINDEXEDPOLYGONALFACE((3,4,8,7));
#717=IFCINDEXEDPOLYGONALFACE((4,1,5,8));
#718=IFCPOLYGONALFACESET(#711,$,(#712,#713,#714,#715,#716,#717),$);
#719=IFCSHAPEREPRESENTATION(#11,'Body','Tessellation',(#718));
#720=IFCPRODUCTDEFINITIONSHAPE($,$,(#719));
#721=IFCSTYLEDITEM(#718,(#29),'Demo wall');
#727=IFCCARTESIANPOINT((-15.,-9.,0.));
#728=IFCDIRECTION((0.,0.,1.));
#729=IFCDIRECTION((1.,0.,0.));
#730=IFCAXIS2PLACEMENT3D(#727,#728,#729);
#731=IFCLOCALPLACEMENT($,#730);
#732=IFCWALL('25e9FctcD1Xh8SIFFXJw2n',$,'Level 1 west header',$,$,#753,#742,$,$);
#733=IFCCARTESIANPOINTLIST3D(((0.,0.,0.),(0.29999999999999999,0.,0.),(0.29999999999999999,18.,0.),(0.,18.,0.),(0.,0.,0.69999999999999996),(0.29999999999999999,0.,0.69999999999999996),(0.29999999999999999,18.,0.69999999999999996),(0.,18.,0.69999999999999996)));
#734=IFCINDEXEDPOLYGONALFACE((1,4,3,2));
#735=IFCINDEXEDPOLYGONALFACE((5,6,7,8));
#736=IFCINDEXEDPOLYGONALFACE((1,2,6,5));
#737=IFCINDEXEDPOLYGONALFACE((2,3,7,6));
#738=IFCINDEXEDPOLYGONALFACE((3,4,8,7));
#739=IFCINDEXEDPOLYGONALFACE((4,1,5,8));
#740=IFCPOLYGONALFACESET(#733,$,(#734,#735,#736,#737,#738,#739),$);
#741=IFCSHAPEREPRESENTATION(#11,'Body','Tessellation',(#740));
#742=IFCPRODUCTDEFINITIONSHAPE($,$,(#741));
#743=IFCSTYLEDITEM(#740,(#29),'Demo wall');
#749=IFCCARTESIANPOINT((-15.,-9.,2.8999999999999999));
#750=IFCDIRECTION((0.,0.,1.));
#751=IFCDIRECTION((1.,0.,0.));
#752=IFCAXIS2PLACEMENT3D(#749,#750,#751);
#753=IFCLOCALPLACEMENT($,#752);
#754=IFCCOLUMN('2CQVaaeUHEjBGdK_NStQr7',$,'Level 1 west pier 1',$,$,#775,#764,$,$);
#755=IFCCARTESIANPOINTLIST3D(((0.,0.,0.),(0.40000000000000002,0.,0.),(0.40000000000000002,0.40000000000000002,0.),(0.,0.40000000000000002,0.),(0.,0.,3.6000000000000001),(0.40000000000000002,0.,3.6000000000000001),(0.40000000000000002,0.40000000000000002,3.6000000000000001),(0.,0.40000000000000002,3.6000000000000001)));
#756=IFCINDEXEDPOLYGONALFACE((1,4,3,2));
#757=IFCINDEXEDPOLYGONALFACE((5,6,7,8));
#758=IFCINDEXEDPOLYGONALFACE((1,2,6,5));
#759=IFCINDEXEDPOLYGONALFACE((2,3,7,6));
#760=IFCINDEXEDPOLYGONALFACE((3,4,8,7));
#761=IFCINDEXEDPOLYGONALFACE((4,1,5,8));
#762=IFCPOLYGONALFACESET(#755,$,(#756,#757,#758,#759,#760,#761),$);
#763=IFCSHAPEREPRESENTATION(#11,'Body','Tessellation',(#762));
#764=IFCPRODUCTDEFINITIONSHAPE($,$,(#763));
#765=IFCSTYLEDITEM(#762,(#32),'Demo column');
#771=IFCCARTESIANPOINT((-15.,-9.,0.));
#772=IFCDIRECTION((0.,0.,1.));
#773=IFCDIRECTION((1.,0.,0.));
#774=IFCAXIS2PLACEMENT3D(#771,#772,#773);
#775=IFCLOCALPLACEMENT($,#774);
#776=IFCWINDOW('156$eO4IL0TOKoGKq7bSXI',$,'Level 1 west window 1',$,$,#797,#786,$,$,$,$,$,$);
#777=IFCCARTESIANPOINTLIST3D(((0.,0.,0.),(0.12,0.,0.),(0.12,5.0999999999999996,0.),(0.,5.0999999999999996,0.),(0.,0.,2.1000000000000001),(0.12,0.,2.1000000000000001),(0.12,5.0999999999999996,2.1000000000000001),(0.,5.0999999999999996,2.1000000000000001)));
#778=IFCINDEXEDPOLYGONALFACE((1,4,3,2));
#779=IFCINDEXEDPOLYGONALFACE((5,6,7,8));
#780=IFCINDEXEDPOLYGONALFACE((1,2,6,5));
#781=IFCINDEXEDPOLYGONALFACE((2,3,7,6));
#782=IFCINDEXEDPOLYGONALFACE((3,4,8,7));
#783=IFCINDEXEDPOLYGONALFACE((4,1,5,8));
#784=IFCPOLYGONALFACESET(#777,$,(#778,#779,#780,#781,#782,#783),$);
#785=IFCSHAPEREPRESENTATION(#11,'Body','Tessellation',(#784));
#786=IFCPRODUCTDEFINITIONSHAPE($,$,(#785));
#787=IFCSTYLEDITEM(#784,(#35),'Demo glass');
#793=IFCCARTESIANPOINT((-14.880000000000001,-8.5500000000000007,0.80000000000000004));
#794=IFCDIRECTION((0.,0.,1.));
#795=IFCDIRECTION((1.,0.,0.));
#796=IFCAXIS2PLACEMENT3D(#793,#794,#795);
#797=IFCLOCALPLACEMENT($,#796);
#798=IFCCOLUMN('1dTH_ocK50vOC70v8Sy_EL',$,'Level 1 west pier 2',$,$,#819,#808,$,$);
#799=IFCCARTESIANPOINTLIST3D(((0.,0.,0.),(0.40000000000000002,0.,0.),(0.40000000000000002,0.40000000000000002,0.),(0.,0.40000000000000002,0.),(0.,0.,3.6000000000000001),(0.40000000000000002,0.,3.6000000000000001),(0.40000000000000002,0.40000000000000002,3.6000000000000001),(0.,0.40000000000000002,3.6000000000000001)));
#800=IFCINDEXEDPOLYGONALFACE((1,4,3,2));
#801=IFCINDEXEDPOLYGONALFACE((5,6,7,8));
#802=IFCINDEXEDPOLYGONALFACE((1,2,6,5));
#803=IFCINDEXEDPOLYGONALFACE((2,3,7,6));
#804=IFCINDEXEDPOLYGONALFACE((3,4,8,7));
#805=IFCINDEXEDPOLYGONALFACE((4,1,5,8));
#806=IFCPOLYGONALFACESET(#799,$,(#800,#801,#802,#803,#804,#805),$);
#807=IFCSHAPEREPRESENTATION(#11,'Body','Tessellation',(#806));
#808=IFCPRODUCTDEFINITIONSHAPE($,$,(#807));
#809=IFCSTYLEDITEM(#806,(#32),'Demo column');
#815=IFCCARTESIANPOINT((-15.,-3.,0.));
#816=IFCDIRECTION((0.,0.,1.));
#817=IFCDIRECTION((1.,0.,0.));
#818=IFCAXIS2PLACEMENT3D(#815,#816,#817);
#819=IFCLOCALPLACEMENT($,#818);
#820=IFCWINDOW('269lhbjXjDagtOKq2uoard',$,'Level 1 west window 2',$,$,#841,#830,$,$,$,$,$,$);
#821=IFCCARTESIANPOINTLIST3D(((0.,0.,0.),(0.12,0.,0.),(0.12,5.0999999999999996,0.),(0.,5.0999999999999996,0.),(0.,0.,2.1000000000000001),(0.12,0.,2.1000000000000001),(0.12,5.0999999999999996,2.1000000000000001),(0.,5.0999999999999996,2.1000000000000001)));
#822=IFCINDEXEDPOLYGONALFACE((1,4,3,2));
#823=IFCINDEXEDPOLYGONALFACE((5,6,7,8));
#824=IFCINDEXEDPOLYGONALFACE((1,2,6,5));
#825=IFCINDEXEDPOLYGONALFACE((2,3,7,6));
#826=IFCINDEXEDPOLYGONALFACE((3,4,8,7));
#827=IFCINDEXEDPOLYGONALFACE((4,1,5,8));
#828=IFCPOLYGONALFACESET(#821,$,(#822,#823,#824,#825,#826,#827),$);
#829=IFCSHAPEREPRESENTATION(#11,'Body','Tessellation',(#828));
#830=IFCPRODUCTDEFINITIONSHAPE($,$,(#829));
#831=IFCSTYLEDITEM(#828,(#35),'Demo glass');
#837=IFCCARTESIANPOINT((-14.880000000000001,-2.5499999999999998,0.80000000000000004));
#838=IFCDIRECTION((0.,0.,1.));
#839=IFCDIRECTION((1.,0.,0.));
#840=IFCAXIS2PLACEMENT3D(#837,#838,#839);
#841=IFCLOCALPLACEMENT($,#840);
#842=IFCCOLUMN('36drRGIgfA3fqu4r$3GnXk',$,'Level 1 west pier 3',$,$,#863,#852,$,$);
#843=IFCCARTESIANPOINTLIST3D(((0.,0.,0.),(0.40000000000000002,0.,0.),(0.40000000000000002,0.40000000000000002,0.),(0.,0.40000000000000002,0.),(0.,0.,3.6000000000000001),(0.40000000000000002,0.,3.6000000000000001),(0.40000000000000002,0.40000000000000002,3.6000000000000001),(0.,0.40000000000000002,3.6000000000000001)));
#844=IFCINDEXEDPOLYGONALFACE((1,4,3,2));
#845=IFCINDEXEDPOLYGONALFACE((5,6,7,8));
#846=IFCINDEXEDPOLYGONALFACE((1,2,6,5));
#847=IFCINDEXEDPOLYGONALFACE((2,3,7,6));
#848=IFCINDEXEDPOLYGONALFACE((3,4,8,7));
#849=IFCINDEXEDPOLYGONALFACE((4,1,5,8));
#850=IFCPOLYGONALFACESET(#843,$,(#844,#845,#846,#847,#848,#849),$);
#851=IFCSHAPEREPRESENTATION(#11,'Body','Tessellation',(#850));
#852=IFCPRODUCTDEFINITIONSHAPE($,$,(#851));
#853=IFCSTYLEDITEM(#850,(#32),'Demo column');
#859=IFCCARTESIANPOINT((-15.,3.,0.));
#860=IFCDIRECTION((0.,0.,1.));
#861=IFCDIRECTION((1.,0.,0.));
#862=IFCAXIS2PLACEMENT3D(#859,#860,#861);
#863=IFCLOCALPLACEMENT($,#862);
#864=IFCWINDOW('1PFwmtTHTBMRCMHBcA4xKC',$,'Level 1 west window 3',$,$,#885,#874,$,$,$,$,$,$);
#865=IFCCARTESIANPOINTLIST3D(((0.,0.,0.),(0.12,0.,0.),(0.12,5.0999999999999996,0.),(0.,5.0999999999999996,0.),(0.,0.,2.1000000000000001),(0.12,0.,2.1000000000000001),(0.12,5.0999999999999996,2.1000000000000001),(0.,5.0999999999999996,2.1000000000000001)));
#866=IFCINDEXEDPOLYGONALFACE((1,4,3,2));
#867=IFCINDEXEDPOLYGONALFACE((5,6,7,8));
#868=IFCINDEXEDPOLYGONALFACE((1,2,6,5));
#869=IFCINDEXEDPOLYGONALFACE((2,3,7,6));
#870=IFCINDEXEDPOLYGONALFACE((3,4,8,7));
#871=IFCINDEXEDPOLYGONALFACE((4,1,5,8));
#872=IFCPOLYGONALFACESET(#865,$,(#866,#867,#868,#869,#870,#871),$);
#873=IFCSHAPEREPRESENTATION(#11,'Body','Tessellation',(#872));
#874=IFCPRODUCTDEFINITIONSHAPE($,$,(#873));
#875=IFCSTYLEDITEM(#872,(#35),'Demo glass');
#881=IFCCARTESIANPOINT((-14.880000000000001,3.4500000000000002,0.80000000000000004));
#882=IFCDIRECTION((0.,0.,1.));
#883=IFCDIRECTION((1.,0.,0.));
#884=IFCAXIS2PLACEMENT3D(#881,#882,#883);
#885=IFCLOCALPLACEMENT($,#884);
#886=IFCWALL('1UyjaLwMXExwzTIYQSkdqB',$,'Level 1 east sill',$,$,#907,#896,$,$);
#887=IFCCARTESIANPOINTLIST3D(((0.,0.,0.),(0.29999999999999999,0.,0.),(0.29999999999999999,18.,0.),(0.,18.,0.),(0.,0.,0.80000000000000004),(0.29999999999999999,0.,0.80000000000000004),(0.29999999999999999,18.,0.80000000000000004),(0.,18.,0.80000000000000004)));
#888=IFCINDEXEDPOLYGONALFACE((1,4,3,2));
#889=IFCINDEXEDPOLYGONALFACE((5,6,7,8));
#890=IFCINDEXEDPOLYGONALFACE((1,2,6,5));
#891=IFCINDEXEDPOLYGONALFACE((2,3,7,6));
#892=IFCINDEXEDPOLYGONALFACE((3,4,8,7));
#893=IFCINDEXEDPOLYGONALFACE((4,1,5,8));
#894=IFCPOLYGONALFACESET(#887,$,(#888,#889,#890,#891,#892,#893),$);
#895=IFCSHAPEREPRESENTATION(#11,'Body','Tessellation',(#894));
#896=IFCPRODUCTDEFINITIONSHAPE($,$,(#895));
#897=IFCSTYLEDITEM(#894,(#29),'Demo wall');
#903=IFCCARTESIANPOINT((14.699999999999999,-9.,0.));
#904=IFCDIRECTION((0.,0.,1.));
#905=IFCDIRECTION((1.,0.,0.));
#906=IFCAXIS2PLACEMENT3D(#903,#904,#905);
#907=IFCLOCALPLACEMENT($,#906);
#908=IFCWALL('29opz0_DH8ghGDz6q0t1NK',$,'Level 1 east header',$,$,#929,#918,$,$);
#909=IFCCARTESIANPOINTLIST3D(((0.,0.,0.),(0.29999999999999999,0.,0.),(0.29999999999999999,18.,0.),(0.,18.,0.),(0.,0.,0.69999999999999996),(0.29999999999999999,0.,0.69999999999999996),(0.29999999999999999,18.,0.69999999999999996),(0.,18.,0.69999999999999996)));
#910=IFCINDEXEDPOLYGONALFACE((1,4,3,2));
#911=IFCINDEXEDPOLYGONALFACE((5,6,7,8));
#912=IFCINDEXEDPOLYGONALFACE((1,2,6,5));
#913=IFCINDEXEDPOLYGONALFACE((2,3,7,6));
#914=IFCINDEXEDPOLYGONALFACE((3,4,8,7));
#915=IFCINDEXEDPOLYGONALFACE((4,1,5,8));
#916=IFCPOLYGONALFACESET(#909,$,(#910,#911,#912,#913,#914,#915),$);
#917=IFCSHAPEREPRESENTATION(#11,'Body','Tessellation',(#916));
#918=IFCPRODUCTDEFINITIONSHAPE($,$,(#917));
#919=IFCSTYLEDITEM(#916,(#29),'Demo wall');
#925=IFCCARTESIANPOINT((14.699999999999999,-9.,2.8999999999999999));
#926=IFCDIRECTION((0.,0.,1.));
#927=IFCDIRECTION((1.,0.,0.));
#928=IFCAXIS2PLACEMENT3D(#925,#926,#927);
#929=IFCLOCALPLACEMENT($,#928);
#930=IFCCOLUMN('1azHBPe8X41vriuZpWnuqZ',$,'Level 1 east pier 1',$,$,#951,#940,$,$);
#931=IFCCARTESIANPOINTLIST3D(((0.,0.,0.),(0.40000000000000002,0.,0.),(0.40000000000000002,0.40000000000000002,0.),(0.,0.40000000000000002,0.),(0.,0.,3.6000000000000001),(0.40000000000000002,0.,3.6000000000000001),(0.40000000000000002,0.40000000000000002,3.6000000000000001),(0.,0.40000000000000002,3.6000000000000001)));
#932=IFCINDEXEDPOLYGONALFACE((1,4,3,2));
#933=IFCINDEXEDPOLYGONALFACE((5,6,7,8));
#934=IFCINDEXEDPOLYGONALFACE((1,2,6,5));
#935=IFCINDEXEDPOLYGONALFACE((2,3,7,6));
#936=IFCINDEXEDPOLYGONALFACE((3,4,8,7));
#937=IFCINDEXEDPOLYGONALFACE((4,1,5,8));
#938=IFCPOLYGONALFACESET(#931,$,(#932,#933,#934,#935,#936,#937),$);
#939=IFCSHAPEREPRESENTATION(#11,'Body','Tessellation',(#938));
#940=IFCPRODUCTDEFINITIONSHAPE($,$,(#939));
#941=IFCSTYLEDITEM(#938,(#32),'Demo column');
#947=IFCCARTESIANPOINT((14.699999999999999,-9.,0.));
#948=IFCDIRECTION((0.,0.,1.));
#949=IFCDIRECTION((1.,0.,0.));
#950=IFCAXIS2PLACEMENT3D(#947,#948,#949);
#951=IFCLOCALPLACEMENT($,#950);
#952=IFCWINDOW('250Y9vZqj7PQAhNCke2seQ',$,'Level 1 east window 1',$,$,#973,#962,$,$,$,$,$,$);
#953=IFCCARTESIANPOINTLIST3D(((0.,0.,0.),(0.12,0.,0.),(0.12,5.0999999999999996,0.),(0.,5.0999999999999996,0.),(0.,0.,2.1000000000000001),(0.12,0.,2.1000000000000001),(0.12,5.0999999999999996,2.1000000000000001),(0.,5.0999999999999996,2.1000000000000001)));
#954=IFCINDEXEDPOLYGONALFACE((1,4,3,2));
#955=IFCINDEXEDPOLYGONALFACE((5,6,7,8));
#956=IFCINDEXEDPOLYGONALFACE((1,2,6,5));
#957=IFCINDEXEDPOLYGONALFACE((2,3,7,6));
#958=IFCINDEXEDPOLYGONALFACE((3,4,8,7));
#959=IFCINDEXEDPOLYGONALFACE((4,1,5,8));
#960=IFCPOLYGONALFACESET(#953,$,(#954,#955,#956,#957,#958,#959),$);
#961=IFCSHAPEREPRESENTATION(#11,'Body','Tessellation',(#960));
#962=IFCPRODUCTDEFINITIONSHAPE($,$,(#961));
#963=IFCSTYLEDITEM(#960,(#35),'Demo glass');
#969=IFCCARTESIANPOINT((14.819999999999999,-8.5500000000000007,0.80000000000000004));
#970=IFCDIRECTION((0.,0.,1.));
#971=IFCDIRECTION((1.,0.,0.));
#972=IFCAXIS2PLACEMENT3D(#969,#970,#971);
#973=IFCLOCALPLACEMENT($,#972);
#974=IFCCOLUMN('0_xHnAhD1AXxMo1zEIynms',$,'Level 1 east pier 2',$,$,#995,#984,$,$);
#975=IFCCARTESIANPOINTLIST3D(((0.,0.,0.),(0.40000000000000002,0.,0.),(0.40000000000000002,0.40000000000000002,0.),(0.,0.40000000000000002,0.),(0.,0.,3.6000000000000001),(0.40000000000000002,0.,3.6000000000000001),(0.40000000000000002,0.40000000000000002,3.6000000000000001),(0.,0.40000000000000002,3.6000000000000001)));
#976=IFCINDEXEDPOLYGONALFACE((1,4,3,2));
#977=IFCINDEXEDPOLYGONALFACE((5,6,7,8));
#978=IFCINDEXEDPOLYGONALFACE((1,2,6,5));
#979=IFCINDEXEDPOLYGONALFACE((2,3,7,6));
#980=IFCINDEXEDPOLYGONALFACE((3,4,8,7));
#981=IFCINDEXEDPOLYGONALFACE((4,1,5,8));
#982=IFCPOLYGONALFACESET(#975,$,(#976,#977,#978,#979,#980,#981),$);
#983=IFCSHAPEREPRESENTATION(#11,'Body','Tessellation',(#982));
#984=IFCPRODUCTDEFINITIONSHAPE($,$,(#983));
#985=IFCSTYLEDITEM(#982,(#32),'Demo column');
#991=IFCCARTESIANPOINT((14.699999999999999,-3.,0.));
#992=IFCDIRECTION((0.,0.,1.));
#993=IFCDIRECTION((1.,0.,0.));
#994=IFCAXIS2PLACEMENT3D(#991,#992,#993);
#995=IFCLOCALPLACEMENT($,#994);
#996=IFCWINDOW('3zeVLSiU9FvfxXbL2_KPIx',$,'Level 1 east window 2',$,$,#1017,#1006,$,$,$,$,$,$);
#997=IFCCARTESIANPOINTLIST3D(((0.,0.,0.),(0.12,0.,0.),(0.12,5.0999999999999996,0.),(0.,5.0999999999999996,0.),(0.,0.,2.1000000000000001),(0.12,0.,2.1000000000000001),(0.12,5.0999999999999996,2.1000000000000001),(0.,5.0999999999999996,2.1000000000000001)));
#998=IFCINDEXEDPOLYGONALFACE((1,4,3,2));
#999=IFCINDEXEDPOLYGONALFACE((5,6,7,8));
#1000=IFCINDEXEDPOLYGONALFACE((1,2,6,5));
#1001=IFCINDEXEDPOLYGONALFACE((2,3,7,6));
#1002=IFCINDEXEDPOLYGONALFACE((3,4,8,7));
#1003=IFCINDEXEDPOLYGONALFACE((4,1,5,8));
#1004=IFCPOLYGONALFACESET(#997,$,(#998,#999,#1000,#1001,#1002,#1003),$);
#1005=IFCSHAPEREPRESENTATION(#11,'Body','Tessellation',(#1004));
#1006=IFCPRODUCTDEFINITIONSHAPE($,$,(#1005));
#1007=IFCSTYLEDITEM(#1004,(#35),'Demo glass');
#1013=IFCCARTESIANPOINT((14.819999999999999,-2.5499999999999998,0.80000000000000004));
#1014=IFCDIRECTION((0.,0.,1.));
#1015=IFCDIRECTION((1.,0.,0.));
#1016=IFCAXIS2PLACEMENT3D(#1013,#1014,#1015);
#1017=IFCLOCALPLACEMENT($,#1016);
#1018=IFCCOLUMN('1lQJ3SYND46hGI733$DkNI',$,'Level 1 east pier 3',$,$,#1039,#1028,$,$);
#1019=IFCCARTESIANPOINTLIST3D(((0.,0.,0.),(0.40000000000000002,0.,0.),(0.40000000000000002,0.40000000000000002,0.),(0.,0.40000000000000002,0.),(0.,0.,3.6000000000000001),(0.40000000000000002,0.,3.6000000000000001),(0.40000000000000002,0.40000000000000002,3.6000000000000001),(0.,0.40000000000000002,3.6000000000000001)));
#1020=IFCINDEXEDPOLYGONALFACE((1,4,3,2));
#1021=IFCINDEXEDPOLYGONALFACE((5,6,7,8));
#1022=IFCINDEXEDPOLYGONALFACE((1,2,6,5));
#1023=IFCINDEXEDPOLYGONALFACE((2,3,7,6));
#1024=IFCINDEXEDPOLYGONALFACE((3,4,8,7));
#1025=IFCINDEXEDPOLYGONALFACE((4,1,5,8));
#1026=IFCPOLYGONALFACESET(#1019,$,(#1020,#1021,#1022,#1023,#1024,#1025),$);
#1027=IFCSHAPEREPRESENTATION(#11,'Body','Tessellation',(#1026));
#1028=IFCPRODUCTDEFINITIONSHAPE($,$,(#1027));
#1029=IFCSTYLEDITEM(#1026,(#32),'Demo column');
#1035=IFCCARTESIANPOINT((14.699999999999999,3.,0.));
#1036=IFCDIRECTION((0.,0.,1.));
#1037=IFCDIRECTION((1.,0.,0.));
#1038=IFCAXIS2PLACEMENT3D(#1035,#1036,#1037);
#1039=IFCLOCALPLACEMENT($,#1038);
#1040=IFCWINDOW('3D80DlWo5DR8sjDdAI72vf',$,'Level 1 east window 3',$,$,#1061,#1050,$,$,$,$,$,$);
#1041=IFCCARTESIANPOINTLIST3D(((0.,0.,0.),(0.12,0.,0.),(0.12,5.0999999999999996,0.),(0.,5.0999999999999996,0.),(0.,0.,2.1000000000000001),(0.12,0.,2.1000000000000001),(0.12,5.0999999999999996,2.1000000000000001),(0.,5.0999999999999996,2.1000000000000001)));
#1042=IFCINDEXEDPOLYGONALFACE((1,4,3,2));
#1043=IFCINDEXEDPOLYGONALFACE((5,6,7,8));
#1044=IFCINDEXEDPOLYGONALFACE((1,2,6,5));
#1045=IFCINDEXEDPOLYGONALFACE((2,3,7,6));
#1046=IFCINDEXEDPOLYGONALFACE((3,4,8,7));
#1047=IFCINDEXEDPOLYGONALFACE((4,1,5,8));
#1048=IFCPOLYGONALFACESET(#1041,$,(#1042,#1043,#1044,#1045,#1046,#1047),$);
#1049=IFCSHAPEREPRESENTATION(#11,'Body','Tessellation',(#1048));
#1050=IFCPRODUCTDEFINITIONSHAPE($,$,(#1049));
#1051=IFCSTYLEDITEM(#1048,(#35),'Demo glass');
#1057=IFCCARTESIANPOINT((14.819999999999999,3.4500000000000002,0.80000000000000004));
#1058=IFCDIRECTION((0.,0.,1.));
#1059=IFCDIRECTION((1.,0.,0.));
#1060=IFCAXIS2PLACEMENT3D(#1057,#1058,#1059);
#1061=IFCLOCALPLACEMENT($,#1060);
#1062=IFCCOLUMN('0UcFafhuH9vOmfFADnqVbS',$,'Level 1 interior column -10,-4',$,$,#1083,#1072,$,$);
#1063=IFCCARTESIANPOINTLIST3D(((0.,0.,0.),(0.45000000000000001,0.,0.),(0.45000000000000001,0.45000000000000001,0.),(0.,0.45000000000000001,0.),(0.,0.,3.6000000000000001),(0.45000000000000001,0.,3.6000000000000001),(0.45000000000000001,0.45000000000000001,3.6000000000000001),(0.,0.45000000000000001,3.6000000000000001)));
#1064=IFCINDEXEDPOLYGONALFACE((1,4,3,2));
#1065=IFCINDEXEDPOLYGONALFACE((5,6,7,8));
#1066=IFCINDEXEDPOLYGONALFACE((1,2,6,5));
#1067=IFCINDEXEDPOLYGONALFACE((2,3,7,6));
#1068=IFCINDEXEDPOLYGONALFACE((3,4,8,7));
#1069=IFCINDEXEDPOLYGONALFACE((4,1,5,8));
#1070=IFCPOLYGONALFACESET(#1063,$,(#1064,#1065,#1066,#1067,#1068,#1069),$);
#1071=IFCSHAPEREPRESENTATION(#11,'Body','Tessellation',(#1070));
#1072=IFCPRODUCTDEFINITIONSHAPE($,$,(#1071));
#1073=IFCSTYLEDITEM(#1070,(#32),'Demo column');
#1079=IFCCARTESIANPOINT((-10.,-4.,0.));
#1080=IFCDIRECTION((0.,0.,1.));
#1081=IFCDIRECTION((1.,0.,0.));
#1082=IFCAXIS2PLACEMENT3D(#1079,#1080,#1081);
#1083=IFCLOCALPLACEMENT($,#1082);
#1084=IFCCOLUMN('1DZGYAeV16qeSWgAjUHxEA',$,'Level 1 interior column -10,4',$,$,#1105,#1094,$,$);
#1085=IFCCARTESIANPOINTLIST3D(((0.,0.,0.),(0.45000000000000001,0.,0.),(0.45000000000000001,0.45000000000000001,0.),(0.,0.45000000000000001,0.),(0.,0.,3.6000000000000001),(0.45000000000000001,0.,3.6000000000000001),(0.45000000000000001,0.45000000000000001,3.6000000000000001),(0.,0.45000000000000001,3.6000000000000001)));
#1086=IFCINDEXEDPOLYGONALFACE((1,4,3,2));
#1087=IFCINDEXEDPOLYGONALFACE((5,6,7,8));
#1088=IFCINDEXEDPOLYGONALFACE((1,2,6,5));
#1089=IFCINDEXEDPOLYGONALFACE((2,3,7,6));
#1090=IFCINDEXEDPOLYGONALFACE((3,4,8,7));
#1091=IFCINDEXEDPOLYGONALFACE((4,1,5,8));
#1092=IFCPOLYGONALFACESET(#1085,$,(#1086,#1087,#1088,#1089,#1090,#1091),$);
#1093=IFCSHAPEREPRESENTATION(#11,'Body','Tessellation',(#1092));
#1094=IFCPRODUCTDEFINITIONSHAPE($,$,(#1093));
#1095=IFCSTYLEDITEM(#1092,(#32),'Demo column');
#1101=IFCCARTESIANPOINT((-10.,4.,0.));
#1102=IFCDIRECTION((0.,0.,1.));
#1103=IFCDIRECTION((1.,0.,0.));
#1104=IFCAXIS2PLACEMENT3D(#1101,#1102,#1103);
#1105=IFCLOCALPLACEMENT($,#1104);
#1106=IFCCOLUMN('35PsGxW$r0yR6T6caoadu0',$,'Level 1 interior column 0,-4',$,$,#1127,#1116,$,$);
#1107=IFCCARTESIANPOINTLIST3D(((0.,0.,0.),(0.45000000000000001,0.,0.),(0.45000000000000001,0.45000000000000001,0.),(0.,0.45000000000000001,0.),(0.,0.,3.6000000000000001),(0.45000000000000001,0.,3.6000000000000001),(0.45000000000000001,0.45000000000000001,3.6000000000000001),(0.,0.45000000000000001,3.6000000000000001)));
#1108=IFCINDEXEDPOLYGONALFACE((1,4,3,2));
#1109=IFCINDEXEDPOLYGONALFACE((5,6,7,8));
#1110=IFCINDEXEDPOLYGONALFACE((1,2,6,5));
#1111=IFCINDEXEDPOLYGONALFACE((2,3,7,6));
#1112=IFCINDEXEDPOLYGONALFACE((3,4,8,7));
#1113=IFCINDEXEDPOLYGONALFACE((4,1,5,8));
#1114=IFCPOLYGONALFACESET(#1107,$,(#1108,#1109,#1110,#1111,#1112,#1113),$);
#1115=IFCSHAPEREPRESENTATION(#11,'Body','Tessellation',(#1114));
#1116=IFCPRODUCTDEFINITIONSHAPE($,$,(#1115));
#1117=IFCSTYLEDITEM(#1114,(#32),'Demo column');
#1123=IFCCARTESIANPOINT((0.,-4.,0.));
#1124=IFCDIRECTION((0.,0.,1.));
#1125=IFCDIRECTION((1.,0.,0.));
#1126=IFCAXIS2PLACEMENT3D(#1123,#1124,#1125);
#1127=IFCLOCALPLACEMENT($,#1126);
#1128=IFCCOLUMN('2bJM0NvPj9IBBlgmC_g0Tg',$,'Level 1 interior column 0,4',$,$,#1149,#1138,$,$);
#1129=IFCCARTESIANPOINTLIST3D(((0.,0.,0.),(0.45000000000000001,0.,0.),(0.45000000000000001,0.45000000000000001,0.),(0.,0.45000000000000001,0.),(0.,0.,3.6000000000000001),(0.45000000000000001,0.,3.6000000000000001),(0.45000000000000001,0.45000000000000001,3.6000000000000001),(0.,0.45000000000000001,3.6000000000000001)));
#1130=IFCINDEXEDPOLYGONALFACE((1,4,3,2));
#1131=IFCINDEXEDPOLYGONALFACE((5,6,7,8));
#1132=IFCINDEXEDPOLYGONALFACE((1,2,6,5));
#1133=IFCINDEXEDPOLYGONALFACE((2,3,7,6));
#1134=IFCINDEXEDPOLYGONALFACE((3,4,8,7));
#1135=IFCINDEXEDPOLYGONALFACE((4,1,5,8));
#1136=IFCPOLYGONALFACESET(#1129,$,(#1130,#1131,#1132,#1133,#1134,#1135),$);
#1137=IFCSHAPEREPRESENTATION(#11,'Body','Tessellation',(#1136));
#1138=IFCPRODUCTDEFINITIONSHAPE($,$,(#1137));
#1139=IFCSTYLEDITEM(#1136,(#32),'Demo column');
#1145=IFCCARTESIANPOINT((0.,4.,0.));
#1146=IFCDIRECTION((0.,0.,1.));
#1147=IFCDIRECTION((1.,0.,0.));
#1148=IFCAXIS2PLACEMENT3D(#1145,#1146,#1147);
#1149=IFCLOCALPLACEMENT($,#1148);
#1150=IFCCOLUMN('2YWZI$I5XF8QdQEiJsRLOy',$,'Level 1 interior column 10,-4',$,$,#1171,#1160,$,$);
#1151=IFCCARTESIANPOINTLIST3D(((0.,0.,0.),(0.45000000000000001,0.,0.),(0.45000000000000001,0.45000000000000001,0.),(0.,0.45000000000000001,0.),(0.,0.,3.6000000000000001),(0.45000000000000001,0.,3.6000000000000001),(0.45000000000000001,0.45000000000000001,3.6000000000000001),(0.,0.45000000000000001,3.6000000000000001)));
#1152=IFCINDEXEDPOLYGONALFACE((1,4,3,2));
#1153=IFCINDEXEDPOLYGONALFACE((5,6,7,8));
#1154=IFCINDEXEDPOLYGONALFACE((1,2,6,5));
#1155=IFCINDEXEDPOLYGONALFACE((2,3,7,6));
#1156=IFCINDEXEDPOLYGONALFACE((3,4,8,7));
#1157=IFCINDEXEDPOLYGONALFACE((4,1,5,8));
#1158=IFCPOLYGONALFACESET(#1151,$,(#1152,#1153,#1154,#1155,#1156,#1157),$);
#1159=IFCSHAPEREPRESENTATION(#11,'Body','Tessellation',(#1158));
#1160=IFCPRODUCTDEFINITIONSHAPE($,$,(#1159));
#1161=IFCSTYLEDITEM(#1158,(#32),'Demo column');
#1167=IFCCARTESIANPOINT((10.,-4.,0.));
#1168=IFCDIRECTION((0.,0.,1.));
#1169=IFCDIRECTION((1.,0.,0.));
#1170=IFCAXIS2PLACEMENT3D(#1167,#1168,#1169);
#1171=IFCLOCALPLACEMENT($,#1170);
#1172=IFCCOLUMN('3HuG_rSon2kxNTWGNSFDoV',$,'Level 1 interior column 10,4',$,$,#1193,#1182,$,$);
#1173=IFCCARTESIANPOINTLIST3D(((0.,0.,0.),(0.45000000000000001,0.,0.),(0.45000000000000001,0.45000000000000001,0.),(0.,0.45000000000000001,0.),(0.,0.,3.6000000000000001),(0.45000000000000001,0.,3.6000000000000001),(0.45000000000000001,0.45000000000000001,3.6000000000000001),(0.,0.45000000000000001,3.6000000000000001)));
#1174=IFCINDEXEDPOLYGONALFACE((1,4,3,2));
#1175=IFCINDEXEDPOLYGONALFACE((5,6,7,8));
#1176=IFCINDEXEDPOLYGONALFACE((1,2,6,5));
#1177=IFCINDEXEDPOLYGONALFACE((2,3,7,6));
#1178=IFCINDEXEDPOLYGONALFACE((3,4,8,7));
#1179=IFCINDEXEDPOLYGONALFACE((4,1,5,8));
#1180=IFCPOLYGONALFACESET(#1173,$,(#1174,#1175,#1176,#1177,#1178,#1179),$);
#1181=IFCSHAPEREPRESENTATION(#11,'Body','Tessellation',(#1180));
#1182=IFCPRODUCTDEFINITIONSHAPE($,$,(#1181));
#1183=IFCSTYLEDITEM(#1180,(#32),'Demo column');
#1189=IFCCARTESIANPOINT((10.,4.,0.));
#1190=IFCDIRECTION((0.,0.,1.));
#1191=IFCDIRECTION((1.,0.,0.));
#1192=IFCAXIS2PLACEMENT3D(#1189,#1190,#1191);
#1193=IFCLOCALPLACEMENT($,#1192);
#1194=IFCWALL('3LrFdSdGbBTOAm9OY_GqU5',$,'Level 1 core wall',$,$,#1215,#1204,$,$);
#1195=IFCCARTESIANPOINTLIST3D(((0.,0.,0.),(0.29999999999999999,0.,0.),(0.29999999999999999,4.,0.),(0.,4.,0.),(0.,0.,3.6000000000000001),(0.29999999999999999,0.,3.6000000000000001),(0.29999999999999999,4.,3.6000000000000001),(0.,4.,3.6000000000000001)));
#1196=IFCINDEXEDPOLYGONALFACE((1,4,3,2));
#1197=IFCINDEXEDPOLYGONALFACE((5,6,7,8));
#1198=IFCINDEXEDPOLYGONALFACE((1,2,6,5));
#1199=IFCINDEXEDPOLYGONALFACE((2,3,7,6));
#1200=IFCINDEXEDPOLYGONALFACE((3,4,8,7));
#1201=IFCINDEXEDPOLYGONALFACE((4,1,5,8));
#1202=IFCPOLYGONALFACESET(#1195,$,(#1196,#1197,#1198,#1199,#1200,#1201),$);
#1203=IFCSHAPEREPRESENTATION(#11,'Body','Tessellation',(#1202));
#1204=IFCPRODUCTDEFINITIONSHAPE($,$,(#1203));
#1205=IFCSTYLEDITEM(#1202,(#29),'Demo wall');
#1211=IFCCARTESIANPOINT((-3.,-2.,0.));
#1212=IFCDIRECTION((0.,0.,1.));
#1213=IFCDIRECTION((1.,0.,0.));
#1214=IFCAXIS2PLACEMENT3D(#1211,#1212,#1213);
#1215=IFCLOCALPLACEMENT($,#1214);
#1216=IFCSLAB('0I$N33gFj9$gH$1zvONQoL',$,'Level 2 floor',$,$,#1238,#1226,$,$);
#1217=IFCCARTESIANPOINTLIST3D(((0.,0.,0.),(30.,0.,0.),(30.,18.,0.),(0.,18.,0.),(0.,0.,0.28000000000000003),(30.,0.,0.28000000000000003),(30.,18.,0.28000000000000003),(0.,18.,0.28000000000000003)));
#1218=IFCINDEXEDPOLYGONALFACE((1,4,3,2));
#1219=IFCINDEXEDPOLYGONALFACE((5,6,7,8));
#1220=IFCINDEXEDPOLYGONALFACE((1,2,6,5));
#1221=IFCINDEXEDPOLYGONALFACE((2,3,7,6));
#1222=IFCINDEXEDPOLYGONALFACE((3,4,8,7));
#1223=IFCINDEXEDPOLYGONALFACE((4,1,5,8));
#1224=IFCPOLYGONALFACESET(#1217,$,(#1218,#1219,#1220,#1221,#1222,#1223),$);
#1225=IFCSHAPEREPRESENTATION(#11,'Body','Tessellation',(#1224));
#1226=IFCPRODUCTDEFINITIONSHAPE($,$,(#1225));
#1227=IFCSTYLEDITEM(#1224,(#26),'Demo floor');
#1233=IFCRELCONTAINEDINSPATIALSTRUCTURE('3DYJAY_yb6Yw2jErWHUpTh',$,$,$,(#1877,#2185,#1943,#1547,#1855,#1503,#1745,#1349,#1591,#2053,#1767,#2097,#1437,#1657,#1679,#1811,#1833,#1899,#1921,#1965,#1987,#2141,#2163,#2207,#2229,#2251,#2119,#1216,#2295,#2273,#1701,#2009,#2317,#1283,#1569,#2075,#1789,#1723,#1239,#2031,#1305,#1481,#2339,#1393,#1415,#1459,#1261,#1525,#1327,#1371,#1613,#1635),#18);
#1234=IFCCARTESIANPOINT((-15.,-9.,3.3200000000000003));
#1235=IFCDIRECTION((0.,0.,1.));
#1236=IFCDIRECTION((1.,0.,0.));
#1237=IFCAXIS2PLACEMENT3D(#1234,#1235,#1236);
#1238=IFCLOCALPLACEMENT($,#1237);
#1239=IFCWALL('0V$fDPru16VwpxYYpiKjCg',$,'Level 2 south sill',$,$,#1260,#1249,$,$);
#1240=IFCCARTESIANPOINTLIST3D(((0.,0.,0.),(30.,0.,0.),(30.,0.29999999999999999,0.),(0.,0.29999999999999999,0.),(0.,0.,0.80000000000000004),(30.,0.,0.80000000000000004),(30.,0.29999999999999999,0.80000000000000004),(0.,0.29999999999999999,0.80000000000000004)));
#1241=IFCINDEXEDPOLYGONALFACE((1,4,3,2));
#1242=IFCINDEXEDPOLYGONALFACE((5,6,7,8));
#1243=IFCINDEXEDPOLYGONALFACE((1,2,6,5));
#1244=IFCINDEXEDPOLYGONALFACE((2,3,7,6));
#1245=IFCINDEXEDPOLYGONALFACE((3,4,8,7));
#1246=IFCINDEXEDPOLYGONALFACE((4,1,5,8));
#1247=IFCPOLYGONALFACESET(#1240,$,(#1241,#1242,#1243,#1244,#1245,#1246),$);
#1248=IFCSHAPEREPRESENTATION(#11,'Body','Tessellation',(#1247));
#1249=IFCPRODUCTDEFINITIONSHAPE($,$,(#1248));
#1250=IFCSTYLEDITEM(#1247,(#29),'Demo wall');
#1256=IFCCARTESIANPOINT((-15.,-9.,3.6000000000000001));
#1257=IFCDIRECTION((0.,0.,1.));
#1258=IFCDIRECTION((1.,0.,0.));
#1259=IFCAXIS2PLACEMENT3D(#1256,#1257,#1258);
#1260=IFCLOCALPLACEMENT($,#1259);
#1261=IFCWALL('0jNwa2HfH5_Bx7YxforBAh',$,'Level 2 south header',$,$,#1282,#1271,$,$);
#1262=IFCCARTESIANPOINTLIST3D(((0.,0.,0.),(30.,0.,0.),(30.,0.29999999999999999,0.),(0.,0.29999999999999999,0.),(0.,0.,0.69999999999999996),(30.,0.,0.69999999999999996),(30.,0.29999999999999999,0.69999999999999996),(0.,0.29999999999999999,0.69999999999999996)));
#1263=IFCINDEXEDPOLYGONALFACE((1,4,3,2));
#1264=IFCINDEXEDPOLYGONALFACE((5,6,7,8));
#1265=IFCINDEXEDPOLYGONALFACE((1,2,6,5));
#1266=IFCINDEXEDPOLYGONALFACE((2,3,7,6));
#1267=IFCINDEXEDPOLYGONALFACE((3,4,8,7));
#1268=IFCINDEXEDPOLYGONALFACE((4,1,5,8));
#1269=IFCPOLYGONALFACESET(#1262,$,(#1263,#1264,#1265,#1266,#1267,#1268),$);
#1270=IFCSHAPEREPRESENTATION(#11,'Body','Tessellation',(#1269));
#1271=IFCPRODUCTDEFINITIONSHAPE($,$,(#1270));
#1272=IFCSTYLEDITEM(#1269,(#29),'Demo wall');
#1278=IFCCARTESIANPOINT((-15.,-9.,6.5));
#1279=IFCDIRECTION((0.,0.,1.));
#1280=IFCDIRECTION((1.,0.,0.));
#1281=IFCAXIS2PLACEMENT3D(#1278,#1279,#1280);
#1282=IFCLOCALPLACEMENT($,#1281);
#1283=IFCCOLUMN('2EqJddMFjB8QxZ1m2S2K$G',$,'Level 2 south pier 1',$,$,#1304,#1293,$,$);
#1284=IFCCARTESIANPOINTLIST3D(((0.,0.,0.),(0.40000000000000002,0.,0.),(0.40000000000000002,0.40000000000000002,0.),(0.,0.40000000000000002,0.),(0.,0.,3.6000000000000001),(0.40000000000000002,0.,3.6000000000000001),(0.40000000000000002,0.40000000000000002,3.6000000000000001),(0.,0.40000000000000002,3.6000000000000001)));
#1285=IFCINDEXEDPOLYGONALFACE((1,4,3,2));
#1286=IFCINDEXEDPOLYGONALFACE((5,6,7,8));
#1287=IFCINDEXEDPOLYGONALFACE((1,2,6,5));
#1288=IFCINDEXEDPOLYGONALFACE((2,3,7,6));
#1289=IFCINDEXEDPOLYGONALFACE((3,4,8,7));
#1290=IFCINDEXEDPOLYGONALFACE((4,1,5,8));
#1291=IFCPOLYGONALFACESET(#1284,$,(#1285,#1286,#1287,#1288,#1289,#1290),$);
#1292=IFCSHAPEREPRESENTATION(#11,'Body','Tessellation',(#1291));
#1293=IFCPRODUCTDEFINITIONSHAPE($,$,(#1292));
#1294=IFCSTYLEDITEM(#1291,(#32),'Demo column');
#1300=IFCCARTESIANPOINT((-15.,-9.,3.6000000000000001));
#1301=IFCDIRECTION((0.,0.,1.));
#1302=IFCDIRECTION((1.,0.,0.));
#1303=IFCAXIS2PLACEMENT3D(#1300,#1301,#1302);
#1304=IFCLOCALPLACEMENT($,#1303);
#1305=IFCWINDOW('1$465bTCj2LQsDhvgxC3ry',$,'Level 2 south window 1',$,$,#1326,#1315,$,$,$,$,$,$);
#1306=IFCCARTESIANPOINTLIST3D(((0.,0.,0.),(4.0999999999999996,0.,0.),(4.0999999999999996,0.12,0.),(0.,0.12,0.),(0.,0.,2.1000000000000001),(4.0999999999999996,0.,2.1000000000000001),(4.0999999999999996,0.12,2.1000000000000001),(0.,0.12,2.1000000000000001)));
#1307=IFCINDEXEDPOLYGONALFACE((1,4,3,2));
#1308=IFCINDEXEDPOLYGONALFACE((5,6,7,8));
#1309=IFCINDEXEDPOLYGONALFACE((1,2,6,5));
#1310=IFCINDEXEDPOLYGONALFACE((2,3,7,6));
#1311=IFCINDEXEDPOLYGONALFACE((3,4,8,7));
#1312=IFCINDEXEDPOLYGONALFACE((4,1,5,8));
#1313=IFCPOLYGONALFACESET(#1306,$,(#1307,#1308,#1309,#1310,#1311,#1312),$);
#1314=IFCSHAPEREPRESENTATION(#11,'Body','Tessellation',(#1313));
#1315=IFCPRODUCTDEFINITIONSHAPE($,$,(#1314));
#1316=IFCSTYLEDITEM(#1313,(#35),'Demo glass');
#1322=IFCCARTESIANPOINT((-14.550000000000001,-8.8800000000000008,4.4000000000000004));
#1323=IFCDIRECTION((0.,0.,1.));
#1324=IFCDIRECTION((1.,0.,0.));
#1325=IFCAXIS2PLACEMENT3D(#1322,#1323,#1324);
#1326=IFCLOCALPLACEMENT($,#1325);
#1327=IFCCOLUMN('26rCU$ut52HPHjOJjdizYZ',$,'Level 2 south pier 2',$,$,#1348,#1337,$,$);
#1328=IFCCARTESIANPOINTLIST3D(((0.,0.,0.),(0.40000000000000002,0.,0.),(0.40000000000000002,0.40000000000000002,0.),(0.,0.40000000000000002,0.),(0.,0.,3.6000000000000001),(0.40000000000000002,0.,3.6000000000000001),(0.40000000000000002,0.40000000000000002,3.6000000000000001),(0.,0.40000000000000002,3.6000000000000001)));
#1329=IFCINDEXEDPOLYGONALFACE((1,4,3,2));
#1330=IFCINDEXEDPOLYGONALFACE((5,6,7,8));
#1331=IFCINDEXEDPOLYGONALFACE((1,2,6,5));
#1332=IFCINDEXEDPOLYGONALFACE((2,3,7,6));
#1333=IFCINDEXEDPOLYGONALFACE((3,4,8,7));
#1334=IFCINDEXEDPOLYGONALFACE((4,1,5,8));
#1335=IFCPOLYGONALFACESET(#1328,$,(#1329,#1330,#1331,#1332,#1333,#1334),$);
#1336=IFCSHAPEREPRESENTATION(#11,'Body','Tessellation',(#1335));
#1337=IFCPRODUCTDEFINITIONSHAPE($,$,(#1336));
#1338=IFCSTYLEDITEM(#1335,(#32),'Demo column');
#1344=IFCCARTESIANPOINT((-10.,-9.,3.6000000000000001));
#1345=IFCDIRECTION((0.,0.,1.));
#1346=IFCDIRECTION((1.,0.,0.));
#1347=IFCAXIS2PLACEMENT3D(#1344,#1345,#1346);
#1348=IFCLOCALPLACEMENT($,#1347);
#1349=IFCWINDOW('17khqV2_vCqu83wtjpW3Z_',$,'Level 2 south window 2',$,$,#1370,#1359,$,$,$,$,$,$);
#1350=IFCCARTESIANPOINTLIST3D(((0.,0.,0.),(4.0999999999999996,0.,0.),(4.0999999999999996,0.12,0.),(0.,0.12,0.),(0.,0.,2.1000000000000001),(4.0999999999999996,0.,2.1000000000000001),(4.0999999999999996,0.12,2.1000000000000001),(0.,0.12,2.1000000000000001)));
#1351=IFCINDEXEDPOLYGONALFACE((1,4,3,2));
#1352=IFCINDEXEDPOLYGONALFACE((5,6,7,8));
#1353=IFCINDEXEDPOLYGONALFACE((1,2,6,5));
#1354=IFCINDEXEDPOLYGONALFACE((2,3,7,6));
#1355=IFCINDEXEDPOLYGONALFACE((3,4,8,7));
#1356=IFCINDEXEDPOLYGONALFACE((4,1,5,8));
#1357=IFCPOLYGONALFACESET(#1350,$,(#1351,#1352,#1353,#1354,#1355,#1356),$);
#1358=IFCSHAPEREPRESENTATION(#11,'Body','Tessellation',(#1357));
#1359=IFCPRODUCTDEFINITIONSHAPE($,$,(#1358));
#1360=IFCSTYLEDITEM(#1357,(#35),'Demo glass');
#1366=IFCCARTESIANPOINT((-9.5500000000000007,-8.8800000000000008,4.4000000000000004));
#1367=IFCDIRECTION((0.,0.,1.));
#1368=IFCDIRECTION((1.,0.,0.));
#1369=IFCAXIS2PLACEMENT3D(#1366,#1367,#1368);
#1370=IFCLOCALPLACEMENT($,#1369);
#1371=IFCCOLUMN('00xoLe9En3pP06xqCUvOFo',$,'Level 2 south pier 3',$,$,#1392,#1381,$,$);
#1372=IFCCARTESIANPOINTLIST3D(((0.,0.,0.),(0.40000000000000002,0.,0.),(0.40000000000000002,0.40000000000000002,0.),(0.,0.40000000000000002,0.),(0.,0.,3.6000000000000001),(0.40000000000000002,0.,3.6000000000000001),(0.40000000000000002,0.40000000000000002,3.6000000000000001),(0.,0.40000000000000002,3.6000000000000001)));
#1373=IFCINDEXEDPOLYGONALFACE((1,4,3,2));
#1374=IFCINDEXEDPOLYGONALFACE((5,6,7,8));
#1375=IFCINDEXEDPOLYGONALFACE((1,2,6,5));
#1376=IFCINDEXEDPOLYGONALFACE((2,3,7,6));
#1377=IFCINDEXEDPOLYGONALFACE((3,4,8,7));
#1378=IFCINDEXEDPOLYGONALFACE((4,1,5,8));
#1379=IFCPOLYGONALFACESET(#1372,$,(#1373,#1374,#1375,#1376,#1377,#1378),$);
#1380=IFCSHAPEREPRESENTATION(#11,'Body','Tessellation',(#1379));
#1381=IFCPRODUCTDEFINITIONSHAPE($,$,(#1380));
#1382=IFCSTYLEDITEM(#1379,(#32),'Demo column');
#1388=IFCCARTESIANPOINT((-5.,-9.,3.6000000000000001));
#1389=IFCDIRECTION((0.,0.,1.));
#1390=IFCDIRECTION((1.,0.,0.));
#1391=IFCAXIS2PLACEMENT3D(#1388,#1389,#1390);
#1392=IFCLOCALPLACEMENT($,#1391);
#1393=IFCWINDOW('0BvdU3jZ509fdO5vYZ1CGq',$,'Level 2 south window 3',$,$,#1414,#1403,$,$,$,$,$,$);
#1394=IFCCARTESIANPOINTLIST3D(((0.,0.,0.),(4.0999999999999996,0.,0.),(4.0999999999999996,0.12,0.),(0.,0.12,0.),(0.,0.,2.1000000000000001),(4.0999999999999996,0.,2.1000000000000001),(4.0999999999999996,0.12,2.1000000000000001),(0.,0.12,2.1000000000000001)));
#1395=IFCINDEXEDPOLYGONALFACE((1,4,3,2));
#1396=IFCINDEXEDPOLYGONALFACE((5,6,7,8));
#1397=IFCINDEXEDPOLYGONALFACE((1,2,6,5));
#1398=IFCINDEXEDPOLYGONALFACE((2,3,7,6));
#1399=IFCINDEXEDPOLYGONALFACE((3,4,8,7));
#1400=IFCINDEXEDPOLYGONALFACE((4,1,5,8));
#1401=IFCPOLYGONALFACESET(#1394,$,(#1395,#1396,#1397,#1398,#1399,#1400),$);
#1402=IFCSHAPEREPRESENTATION(#11,'Body','Tessellation',(#1401));
#1403=IFCPRODUCTDEFINITIONSHAPE($,$,(#1402));
#1404=IFCSTYLEDITEM(#1401,(#35),'Demo glass');
#1410=IFCCARTESIANPOINT((-4.5499999999999998,-8.8800000000000008,4.4000000000000004));
#1411=IFCDIRECTION((0.,0.,1.));
#1412=IFCDIRECTION((1.,0.,0.));
#1413=IFCAXIS2PLACEMENT3D(#1410,#1411,#1412);
#1414=IFCLOCALPLACEMENT($,#1413);
#1415=IFCCOLUMN('1RleFw9TLBiwGdgyxCFf1W',$,'Level 2 south pier 4',$,$,#1436,#1425,$,$);
#1416=IFCCARTESIANPOINTLIST3D(((0.,0.,0.),(0.40000000000000002,0.,0.),(0.40000000000000002,0.40000000000000002,0.),(0.,0.40000000000000002,0.),(0.,0.,3.6000000000000001),(0.40000000000000002,0.,3.6000000000000001),(0.40000000000000002,0.40000000000000002,3.6000000000000001),(0.,0.40000000000000002,3.6000000000000001)));
#1417=IFCINDEXEDPOLYGONALFACE((1,4,3,2));
#1418=IFCINDEXEDPOLYGONALFACE((5,6,7,8));
#1419=IFCINDEXEDPOLYGONALFACE((1,2,6,5));
#1420=IFCINDEXEDPOLYGONALFACE((2,3,7,6));
#1421=IFCINDEXEDPOLYGONALFACE((3,4,8,7));
#1422=IFCINDEXEDPOLYGONALFACE((4,1,5,8));
#1423=IFCPOLYGONALFACESET(#1416,$,(#1417,#1418,#1419,#1420,#1421,#1422),$);
#1424=IFCSHAPEREPRESENTATION(#11,'Body','Tessellation',(#1423));
#1425=IFCPRODUCTDEFINITIONSHAPE($,$,(#1424));
#1426=IFCSTYLEDITEM(#1423,(#32),'Demo column');
#1432=IFCCARTESIANPOINT((0.,-9.,3.6000000000000001));
#1433=IFCDIRECTION((0.,0.,1.));
#1434=IFCDIRECTION((1.,0.,0.));
#1435=IFCAXIS2PLACEMENT3D(#1432,#1433,#1434);
#1436=IFCLOCALPLACEMENT($,#1435);
#1437=IFCWINDOW('28xBOYnmn2sAf0Db3Zj930',$,'Level 2 south window 4',$,$,#1458,#1447,$,$,$,$,$,$);
#1438=IFCCARTESIANPOINTLIST3D(((0.,0.,0.),(4.0999999999999996,0.,0.),(4.0999999999999996,0.12,0.),(0.,0.12,0.),(0.,0.,2.1000000000000001),(4.0999999999999996,0.,2.1000000000000001),(4.0999999999999996,0.12,2.1000000000000001),(0.,0.12,2.1000000000000001)));
#1439=IFCINDEXEDPOLYGONALFACE((1,4,3,2));
#1440=IFCINDEXEDPOLYGONALFACE((5,6,7,8));
#1441=IFCINDEXEDPOLYGONALFACE((1,2,6,5));
#1442=IFCINDEXEDPOLYGONALFACE((2,3,7,6));
#1443=IFCINDEXEDPOLYGONALFACE((3,4,8,7));
#1444=IFCINDEXEDPOLYGONALFACE((4,1,5,8));
#1445=IFCPOLYGONALFACESET(#1438,$,(#1439,#1440,#1441,#1442,#1443,#1444),$);
#1446=IFCSHAPEREPRESENTATION(#11,'Body','Tessellation',(#1445));
#1447=IFCPRODUCTDEFINITIONSHAPE($,$,(#1446));
#1448=IFCSTYLEDITEM(#1445,(#35),'Demo glass');
#1454=IFCCARTESIANPOINT((0.45000000000000001,-8.8800000000000008,4.4000000000000004));
#1455=IFCDIRECTION((0.,0.,1.));
#1456=IFCDIRECTION((1.,0.,0.));
#1457=IFCAXIS2PLACEMENT3D(#1454,#1455,#1456);
#1458=IFCLOCALPLACEMENT($,#1457);
#1459=IFCCOLUMN('26jQL9qaX23PKqnBGcurQc',$,'Level 2 south pier 5',$,$,#1480,#1469,$,$);
#1460=IFCCARTESIANPOINTLIST3D(((0.,0.,0.),(0.40000000000000002,0.,0.),(0.40000000000000002,0.40000000000000002,0.),(0.,0.40000000000000002,0.),(0.,0.,3.6000000000000001),(0.40000000000000002,0.,3.6000000000000001),(0.40000000000000002,0.40000000000000002,3.6000000000000001),(0.,0.40000000000000002,3.6000000000000001)));
#1461=IFCINDEXEDPOLYGONALFACE((1,4,3,2));
#1462=IFCINDEXEDPOLYGONALFACE((5,6,7,8));
#1463=IFCINDEXEDPOLYGONALFACE((1,2,6,5));
#1464=IFCINDEXEDPOLYGONALFACE((2,3,7,6));
#1465=IFCINDEXEDPOLYGONALFACE((3,4,8,7));
#1466=IFCINDEXEDPOLYGONALFACE((4,1,5,8));
#1467=IFCPOLYGONALFACESET(#1460,$,(#1461,#1462,#1463,#1464,#1465,#1466),$);
#1468=IFCSHAPEREPRESENTATION(#11,'Body','Tessellation',(#1467));
#1469=IFCPRODUCTDEFINITIONSHAPE($,$,(#1468));
#1470=IFCSTYLEDITEM(#1467,(#32),'Demo column');
#1476=IFCCARTESIANPOINT((5.,-9.,3.6000000000000001));
#1477=IFCDIRECTION((0.,0.,1.));
#1478=IFCDIRECTION((1.,0.,0.));
#1479=IFCAXIS2PLACEMENT3D(#1476,#1477,#1478);
#1480=IFCLOCALPLACEMENT($,#1479);
#1481=IFCWINDOW('27o1Gwtm55fPAr_2HpXdxW',$,'Level 2 south window 5',$,$,#1502,#1491,$,$,$,$,$,$);
#1482=IFCCARTESIANPOINTLIST3D(((0.,0.,0.),(4.0999999999999996,0.,0.),(4.0999999999999996,0.12,0.),(0.,0.12,0.),(0.,0.,2.1000000000000001),(4.0999999999999996,0.,2.1000000000000001),(4.0999999999999996,0.12,2.1000000000000001),(0.,0.12,2.1000000000000001)));
#1483=IFCINDEXEDPOLYGONALFACE((1,4,3,2));
#1484=IFCINDEXEDPOLYGONALFACE((5,6,7,8));
#1485=IFCINDEXEDPOLYGONALFACE((1,2,6,5));
#1486=IFCINDEXEDPOLYGONALFACE((2,3,7,6));
#1487=IFCINDEXEDPOLYGONALFACE((3,4,8,7));
#1488=IFCINDEXEDPOLYGONALFACE((4,1,5,8));
#1489=IFCPOLYGONALFACESET(#1482,$,(#1483,#1484,#1485,#1486,#1487,#1488),$);
#1490=IFCSHAPEREPRESENTATION(#11,'Body','Tessellation',(#1489));
#1491=IFCPRODUCTDEFINITIONSHAPE($,$,(#1490));
#1492=IFCSTYLEDITEM(#1489,(#35),'Demo glass');
#1498=IFCCARTESIANPOINT((5.4500000000000002,-8.8800000000000008,4.4000000000000004));
#1499=IFCDIRECTION((0.,0.,1.));
#1500=IFCDIRECTION((1.,0.,0.));
#1501=IFCAXIS2PLACEMENT3D(#1498,#1499,#1500);
#1502=IFCLOCALPLACEMENT($,#1501);
#1503=IFCCOLUMN('1fzmflfoTEbgVx781ZIYe$',$,'Level 2 south pier 6',$,$,#1524,#1513,$,$);
#1504=IFCCARTESIANPOINTLIST3D(((0.,0.,0.),(0.40000000000000002,0.,0.),(0.40000000000000002,0.40000000000000002,0.),(0.,0.40000000000000002,0.),(0.,0.,3.6000000000000001),(0.40000000000000002,0.,3.6000000000000001),(0.40000000000000002,0.40000000000000002,3.6000000000000001),(0.,0.40000000000000002,3.6000000000000001)));
#1505=IFCINDEXEDPOLYGONALFACE((1,4,3,2));
#1506=IFCINDEXEDPOLYGONALFACE((5,6,7,8));
#1507=IFCINDEXEDPOLYGONALFACE((1,2,6,5));
#1508=IFCINDEXEDPOLYGONALFACE((2,3,7,6));
#1509=IFCINDEXEDPOLYGONALFACE((3,4,8,7));
#1510=IFCINDEXEDPOLYGONALFACE((4,1,5,8));
#1511=IFCPOLYGONALFACESET(#1504,$,(#1505,#1506,#1507,#1508,#1509,#1510),$);
#1512=IFCSHAPEREPRESENTATION(#11,'Body','Tessellation',(#1511));
#1513=IFCPRODUCTDEFINITIONSHAPE($,$,(#1512));
#1514=IFCSTYLEDITEM(#1511,(#32),'Demo column');
#1520=IFCCARTESIANPOINT((10.,-9.,3.6000000000000001));
#1521=IFCDIRECTION((0.,0.,1.));
#1522=IFCDIRECTION((1.,0.,0.));
#1523=IFCAXIS2PLACEMENT3D(#1520,#1521,#1522);
#1524=IFCLOCALPLACEMENT($,#1523);
#1525=IFCWINDOW('1xiYZ8vDbATxxCgFbYU6aQ',$,'Level 2 south window 6',$,$,#1546,#1535,$,$,$,$,$,$);
#1526=IFCCARTESIANPOINTLIST3D(((0.,0.,0.),(4.0999999999999996,0.,0.),(4.0999999999999996,0.12,0.),(0.,0.12,0.),(0.,0.,2.1000000000000001),(4.0999999999999996,0.,2.1000000000000001),(4.0999999999999996,0.12,2.1000000000000001),(0.,0.12,2.1000000000000001)));
#1527=IFCINDEXEDPOLYGONALFACE((1,4,3,2));
#1528=IFCINDEXEDPOLYGONALFACE((5,6,7,8));
#1529=IFCINDEXEDPOLYGONALFACE((1,2,6,5));
#1530=IFCINDEXEDPOLYGONALFACE((2,3,7,6));
#1531=IFCINDEXEDPOLYGONALFACE((3,4,8,7));
#1532=IFCINDEXEDPOLYGONALFACE((4,1,5,8));
#1533=IFCPOLYGONALFACESET(#1526,$,(#1527,#1528,#1529,#1530,#1531,#1532),$);
#1534=IFCSHAPEREPRESENTATION(#11,'Body','Tessellation',(#1533));
#1535=IFCPRODUCTDEFINITIONSHAPE($,$,(#1534));
#1536=IFCSTYLEDITEM(#1533,(#35),'Demo glass');
#1542=IFCCARTESIANPOINT((10.449999999999999,-8.8800000000000008,4.4000000000000004));
#1543=IFCDIRECTION((0.,0.,1.));
#1544=IFCDIRECTION((1.,0.,0.));
#1545=IFCAXIS2PLACEMENT3D(#1542,#1543,#1544);
#1546=IFCLOCALPLACEMENT($,#1545);
#1547=IFCWALL('3QDrfk8_T2Rf2dsrOeIdN4',$,'Level 2 north sill',$,$,#1568,#1557,$,$);
#1548=IFCCARTESIANPOINTLIST3D(((0.,0.,0.),(30.,0.,0.),(30.,0.29999999999999999,0.),(0.,0.29999999999999999,0.),(0.,0.,0.80000000000000004),(30.,0.,0.80000000000000004),(30.,0.29999999999999999,0.80000000000000004),(0.,0.29999999999999999,0.80000000000000004)));
#1549=IFCINDEXEDPOLYGONALFACE((1,4,3,2));
#1550=IFCINDEXEDPOLYGONALFACE((5,6,7,8));
#1551=IFCINDEXEDPOLYGONALFACE((1,2,6,5));
#1552=IFCINDEXEDPOLYGONALFACE((2,3,7,6));
#1553=IFCINDEXEDPOLYGONALFACE((3,4,8,7));
#1554=IFCINDEXEDPOLYGONALFACE((4,1,5,8));
#1555=IFCPOLYGONALFACESET(#1548,$,(#1549,#1550,#1551,#1552,#1553,#1554),$);
#1556=IFCSHAPEREPRESENTATION(#11,'Body','Tessellation',(#1555));
#1557=IFCPRODUCTDEFINITIONSHAPE($,$,(#1556));
#1558=IFCSTYLEDITEM(#1555,(#29),'Demo wall');
#1564=IFCCARTESIANPOINT((-15.,8.6999999999999993,3.6000000000000001));
#1565=IFCDIRECTION((0.,0.,1.));
#1566=IFCDIRECTION((1.,0.,0.));
#1567=IFCAXIS2PLACEMENT3D(#1564,#1565,#1566);
#1568=IFCLOCALPLACEMENT($,#1567);
#1569=IFCWALL('1i0dWPmUjF6fvNb3WQ$ERg',$,'Level 2 north header',$,$,#1590,#1579,$,$);
#1570=IFCCARTESIANPOINTLIST3D(((0.,0.,0.),(30.,0.,0.),(30.,0.29999999999999999,0.),(0.,0.29999999999999999,0.),(0.,0.,0.69999999999999996),(30.,0.,0.69999999999999996),(30.,0.29999999999999999,0.69999999999999996),(0.,0.29999999999999999,0.69999999999999996)));
#1571=IFCINDEXEDPOLYGONALFACE((1,4,3,2));
#1572=IFCINDEXEDPOLYGONALFACE((5,6,7,8));
#1573=IFCINDEXEDPOLYGONALFACE((1,2,6,5));
#1574=IFCINDEXEDPOLYGONALFACE((2,3,7,6));
#1575=IFCINDEXEDPOLYGONALFACE((3,4,8,7));
#1576=IFCINDEXEDPOLYGONALFACE((4,1,5,8));
#1577=IFCPOLYGONALFACESET(#1570,$,(#1571,#1572,#1573,#1574,#1575,#1576),$);
#1578=IFCSHAPEREPRESENTATION(#11,'Body','Tessellation',(#1577));
#1579=IFCPRODUCTDEFINITIONSHAPE($,$,(#1578));
#1580=IFCSTYLEDITEM(#1577,(#29),'Demo wall');
#1586=IFCCARTESIANPOINT((-15.,8.6999999999999993,6.5));
#1587=IFCDIRECTION((0.,0.,1.));
#1588=IFCDIRECTION((1.,0.,0.));
#1589=IFCAXIS2PLACEMENT3D(#1586,#1587,#1588);
#1590=IFCLOCALPLACEMENT($,#1589);
#1591=IFCCOLUMN('0XEsnacJD8FvjV79X2k$zM',$,'Level 2 north pier 1',$,$,#1612,#1601,$,$);
#1592=IFCCARTESIANPOINTLIST3D(((0.,0.,0.),(0.40000000000000002,0.,0.),(0.40000000000000002,0.40000000000000002,0.),(0.,0.40000000000000002,0.),(0.,0.,3.6000000000000001),(0.40000000000000002,0.,3.6000000000000001),(0.40000000000000002,0.40000000000000002,3.6000000000000001),(0.,0.40000000000000002,3.6000000000000001)));
#1593=IFCINDEXEDPOLYGONALFACE((1,4,3,2));
#1594=IFCINDEXEDPOLYGONALFACE((5,6,7,8));
#1595=IFCINDEXEDPOLYGONALFACE((1,2,6,5));
#1596=IFCINDEXEDPOLYGONALFACE((2,3,7,6));
#1597=IFCINDEXEDPOLYGONALFACE((3,4,8,7));
#1598=IFCINDEXEDPOLYGONALFACE((4,1,5,8));
#1599=IFCPOLYGONALFACESET(#1592,$,(#1593,#1594,#1595,#1596,#1597,#1598),$);
#1600=IFCSHAPEREPRESENTATION(#11,'Body','Tessellation',(#1599));
#1601=IFCPRODUCTDEFINITIONSHAPE($,$,(#1600));
#1602=IFCSTYLEDITEM(#1599,(#32),'Demo column');
#1608=IFCCARTESIANPOINT((-15.,8.6999999999999993,3.6000000000000001));
#1609=IFCDIRECTION((0.,0.,1.));
#1610=IFCDIRECTION((1.,0.,0.));
#1611=IFCAXIS2PLACEMENT3D(#1608,#1609,#1610);
#1612=IFCLOCALPLACEMENT($,#1611);
#1613=IFCWINDOW('0wMsXGFyPCM9f1z2Nnv5XC',$,'Level 2 north window 1',$,$,#1634,#1623,$,$,$,$,$,$);
#1614=IFCCARTESIANPOINTLIST3D(((0.,0.,0.),(4.0999999999999996,0.,0.),(4.0999999999999996,0.12,0.),(0.,0.12,0.),(0.,0.,2.1000000000000001),(4.0999999999999996,0.,2.1000000000000001),(4.0999999999999996,0.12,2.1000000000000001),(0.,0.12,2.1000000000000001)));
#1615=IFCINDEXEDPOLYGONALFACE((1,4,3,2));
#1616=IFCINDEXEDPOLYGONALFACE((5,6,7,8));
#1617=IFCINDEXEDPOLYGONALFACE((1,2,6,5));
#1618=IFCINDEXEDPOLYGONALFACE((2,3,7,6));
#1619=IFCINDEXEDPOLYGONALFACE((3,4,8,7));
#1620=IFCINDEXEDPOLYGONALFACE((4,1,5,8));
#1621=IFCPOLYGONALFACESET(#1614,$,(#1615,#1616,#1617,#1618,#1619,#1620),$);
#1622=IFCSHAPEREPRESENTATION(#11,'Body','Tessellation',(#1621));
#1623=IFCPRODUCTDEFINITIONSHAPE($,$,(#1622));
#1624=IFCSTYLEDITEM(#1621,(#35),'Demo glass');
#1630=IFCCARTESIANPOINT((-14.550000000000001,8.8199999999999985,4.4000000000000004));
#1631=IFCDIRECTION((0.,0.,1.));
#1632=IFCDIRECTION((1.,0.,0.));
#1633=IFCAXIS2PLACEMENT3D(#1630,#1631,#1632);
#1634=IFCLOCALPLACEMENT($,#1633);
#1635=IFCCOLUMN('3qZGiykJHEyxVzR74gETvJ',$,'Level 2 north pier 2',$,$,#1656,#1645,$,$);
#1636=IFCCARTESIANPOINTLIST3D(((0.,0.,0.),(0.40000000000000002,0.,0.),(0.40000000000000002,0.40000000000000002,0.),(0.,0.40000000000000002,0.),(0.,0.,3.6000000000000001),(0.40000000000000002,0.,3.6000000000000001),(0.40000000000000002,0.40000000000000002,3.6000000000000001),(0.,0.40000000000000002,3.6000000000000001)));
#1637=IFCINDEXEDPOLYGONALFACE((1,4,3,2));
#1638=IFCINDEXEDPOLYGONALFACE((5,6,7,8));
#1639=IFCINDEXEDPOLYGONALFACE((1,2,6,5));
#1640=IFCINDEXEDPOLYGONALFACE((2,3,7,6));
#1641=IFCINDEXEDPOLYGONALFACE((3,4,8,7));
#1642=IFCINDEXEDPOLYGONALFACE((4,1,5,8));
#1643=IFCPOLYGONALFACESET(#1636,$,(#1637,#1638,#1639,#1640,#1641,#1642),$);
#1644=IFCSHAPEREPRESENTATION(#11,'Body','Tessellation',(#1643));
#1645=IFCPRODUCTDEFINITIONSHAPE($,$,(#1644));
#1646=IFCSTYLEDITEM(#1643,(#32),'Demo column');
#1652=IFCCARTESIANPOINT((-10.,8.6999999999999993,3.6000000000000001));
#1653=IFCDIRECTION((0.,0.,1.));
#1654=IFCDIRECTION((1.,0.,0.));
#1655=IFCAXIS2PLACEMENT3D(#1652,#1653,#1654);
#1656=IFCLOCALPLACEMENT($,#1655);
#1657=IFCWINDOW('0n_lFlgTr8lxZXO9LlsH5b',$,'Level 2 north window 2',$,$,#1678,#1667,$,$,$,$,$,$);
#1658=IFCCARTESIANPOINTLIST3D(((0.,0.,0.),(4.0999999999999996,0.,0.),(4.0999999999999996,0.12,0.),(0.,0.12,0.),(0.,0.,2.1000000000000001),(4.0999999999999996,0.,2.1000000000000001),(4.0999999999999996,0.12,2.1000000000000001),(0.,0.12,2.1000000000000001)));
#1659=IFCINDEXEDPOLYGONALFACE((1,4,3,2));
#1660=IFCINDEXEDPOLYGONALFACE((5,6,7,8));
#1661=IFCINDEXEDPOLYGONALFACE((1,2,6,5));
#1662=IFCINDEXEDPOLYGONALFACE((2,3,7,6));
#1663=IFCINDEXEDPOLYGONALFACE((3,4,8,7));
#1664=IFCINDEXEDPOLYGONALFACE((4,1,5,8));
#1665=IFCPOLYGONALFACESET(#1658,$,(#1659,#1660,#1661,#1662,#1663,#1664),$);
#1666=IFCSHAPEREPRESENTATION(#11,'Body','Tessellation',(#1665));
#1667=IFCPRODUCTDEFINITIONSHAPE($,$,(#1666));
#1668=IFCSTYLEDITEM(#1665,(#35),'Demo glass');
#1674=IFCCARTESIANPOINT((-9.5500000000000007,8.8199999999999985,4.4000000000000004));
#1675=IFCDIRECTION((0.,0.,1.));
#1676=IFCDIRECTION((1.,0.,0.));
#1677=IFCAXIS2PLACEMENT3D(#1674,#1675,#1676);
#1678=IFCLOCALPLACEMENT($,#1677);
#1679=IFCCOLUMN('3dTbbZHLj5fe5OH9z43zov',$,'Level 2 north pier 3',$,$,#1700,#1689,$,$);
#1680=IFCCARTESIANPOINTLIST3D(((0.,0.,0.),(0.40000000000000002,0.,0.),(0.40000000000000002,0.40000000000000002,0.),(0.,0.40000000000000002,0.),(0.,0.,3.6000000000000001),(0.40000000000000002,0.,3.6000000000000001),(0.40000000000000002,0.40000000000000002,3.6000000000000001),(0.,0.40000000000000002,3.6000000000000001)));
#1681=IFCINDEXEDPOLYGONALFACE((1,4,3,2));
#1682=IFCINDEXEDPOLYGONALFACE((5,6,7,8));
#1683=IFCINDEXEDPOLYGONALFACE((1,2,6,5));
#1684=IFCINDEXEDPOLYGONALFACE((2,3,7,6));
#1685=IFCINDEXEDPOLYGONALFACE((3,4,8,7));
#1686=IFCINDEXEDPOLYGONALFACE((4,1,5,8));
#1687=IFCPOLYGONALFACESET(#1680,$,(#1681,#1682,#1683,#1684,#1685,#1686),$);
#1688=IFCSHAPEREPRESENTATION(#11,'Body','Tessellation',(#1687));
#1689=IFCPRODUCTDEFINITIONSHAPE($,$,(#1688));
#1690=IFCSTYLEDITEM(#1687,(#32),'Demo column');
#1696=IFCCARTESIANPOINT((-5.,8.6999999999999993,3.6000000000000001));
#1697=IFCDIRECTION((0.,0.,1.));
#1698=IFCDIRECTION((1.,0.,0.));
#1699=IFCAXIS2PLACEMENT3D(#1696,#1697,#1698);
#1700=IFCLOCALPLACEMENT($,#1699);
#1701=IFCWINDOW('1ySiKW7h1CYByMlIUGSnNp',$,'Level 2 north window 3',$,$,#1722,#1711,$,$,$,$,$,$);
#1702=IFCCARTESIANPOINTLIST3D(((0.,0.,0.),(4.0999999999999996,0.,0.),(4.0999999999999996,0.12,0.),(0.,0.12,0.),(0.,0.,2.1000000000000001),(4.0999999999999996,0.,2.1000000000000001),(4.0999999999999996,0.12,2.1000000000000001),(0.,0.12,2.1000000000000001)));
#1703=IFCINDEXEDPOLYGONALFACE((1,4,3,2));
#1704=IFCINDEXEDPOLYGONALFACE((5,6,7,8));
#1705=IFCINDEXEDPOLYGONALFACE((1,2,6,5));
#1706=IFCINDEXEDPOLYGONALFACE((2,3,7,6));
#1707=IFCINDEXEDPOLYGONALFACE((3,4,8,7));
#1708=IFCINDEXEDPOLYGONALFACE((4,1,5,8));
#1709=IFCPOLYGONALFACESET(#1702,$,(#1703,#1704,#1705,#1706,#1707,#1708),$);
#1710=IFCSHAPEREPRESENTATION(#11,'Body','Tessellation',(#1709));
#1711=IFCPRODUCTDEFINITIONSHAPE($,$,(#1710));
#1712=IFCSTYLEDITEM(#1709,(#35),'Demo glass');
#1718=IFCCARTESIANPOINT((-4.5499999999999998,8.8199999999999985,4.4000000000000004));
#1719=IFCDIRECTION((0.,0.,1.));
#1720=IFCDIRECTION((1.,0.,0.));
#1721=IFCAXIS2PLACEMENT3D(#1718,#1719,#1720);
#1722=IFCLOCALPLACEMENT($,#1721);
#1723=IFCCOLUMN('2gs4_2O6z5oBCE6_OavYiD',$,'Level 2 north pier 4',$,$,#1744,#1733,$,$);
#1724=IFCCARTESIANPOINTLIST3D(((0.,0.,0.),(0.40000000000000002,0.,0.),(0.40000000000000002,0.40000000000000002,0.),(0.,0.40000000000000002,0.),(0.,0.,3.6000000000000001),(0.40000000000000002,0.,3.6000000000000001),(0.40000000000000002,0.40000000000000002,3.6000000000000001),(0.,0.40000000000000002,3.6000000000000001)));
#1725=IFCINDEXEDPOLYGONALFACE((1,4,3,2));
#1726=IFCINDEXEDPOLYGONALFACE((5,6,7,8));
#1727=IFCINDEXEDPOLYGONALFACE((1,2,6,5));
#1728=IFCINDEXEDPOLYGONALFACE((2,3,7,6));
#1729=IFCINDEXEDPOLYGONALFACE((3,4,8,7));
#1730=IFCINDEXEDPOLYGONALFACE((4,1,5,8));
#1731=IFCPOLYGONALFACESET(#1724,$,(#1725,#1726,#1727,#1728,#1729,#1730),$);
#1732=IFCSHAPEREPRESENTATION(#11,'Body','Tessellation',(#1731));
#1733=IFCPRODUCTDEFINITIONSHAPE($,$,(#1732));
#1734=IFCSTYLEDITEM(#1731,(#32),'Demo column');
#1740=IFCCARTESIANPOINT((0.,8.6999999999999993,3.6000000000000001));
#1741=IFCDIRECTION((0.,0.,1.));
#1742=IFCDIRECTION((1.,0.,0.));
#1743=IFCAXIS2PLACEMENT3D(#1740,#1741,#1742);
#1744=IFCLOCALPLACEMENT($,#1743);
#1745=IFCWINDOW('06C15XXoTDDh8qe79ik9uY',$,'Level 2 north window 4',$,$,#1766,#1755,$,$,$,$,$,$);
#1746=IFCCARTESIANPOINTLIST3D(((0.,0.,0.),(4.0999999999999996,0.,0.),(4.0999999999999996,0.12,0.),(0.,0.12,0.),(0.,0.,2.1000000000000001),(4.0999999999999996,0.,2.1000000000000001),(4.0999999999999996,0.12,2.1000000000000001),(0.,0.12,2.1000000000000001)));
#1747=IFCINDEXEDPOLYGONALFACE((1,4,3,2));
#1748=IFCINDEXEDPOLYGONALFACE((5,6,7,8));
#1749=IFCINDEXEDPOLYGONALFACE((1,2,6,5));
#1750=IFCINDEXEDPOLYGONALFACE((2,3,7,6));
#1751=IFCINDEXEDPOLYGONALFACE((3,4,8,7));
#1752=IFCINDEXEDPOLYGONALFACE((4,1,5,8));
#1753=IFCPOLYGONALFACESET(#1746,$,(#1747,#1748,#1749,#1750,#1751,#1752),$);
#1754=IFCSHAPEREPRESENTATION(#11,'Body','Tessellation',(#1753));
#1755=IFCPRODUCTDEFINITIONSHAPE($,$,(#1754));
#1756=IFCSTYLEDITEM(#1753,(#35),'Demo glass');
#1762=IFCCARTESIANPOINT((0.45000000000000001,8.8199999999999985,4.4000000000000004));
#1763=IFCDIRECTION((0.,0.,1.));
#1764=IFCDIRECTION((1.,0.,0.));
#1765=IFCAXIS2PLACEMENT3D(#1762,#1763,#1764);
#1766=IFCLOCALPLACEMENT($,#1765);
#1767=IFCCOLUMN('3LpDNZm$5D8wYE3CDMuvF_',$,'Level 2 north pier 5',$,$,#1788,#1777,$,$);
#1768=IFCCARTESIANPOINTLIST3D(((0.,0.,0.),(0.40000000000000002,0.,0.),(0.40000000000000002,0.40000000000000002,0.),(0.,0.40000000000000002,0.),(0.,0.,3.6000000000000001),(0.40000000000000002,0.,3.6000000000000001),(0.40000000000000002,0.40000000000000002,3.6000000000000001),(0.,0.40000000000000002,3.6000000000000001)));
#1769=IFCINDEXEDPOLYGONALFACE((1,4,3,2));
#1770=IFCINDEXEDPOLYGONALFACE((5,6,7,8));
#1771=IFCINDEXEDPOLYGONALFACE((1,2,6,5));
#1772=IFCINDEXEDPOLYGONALFACE((2,3,7,6));
#1773=IFCINDEXEDPOLYGONALFACE((3,4,8,7));
#1774=IFCINDEXEDPOLYGONALFACE((4,1,5,8));
#1775=IFCPOLYGONALFACESET(#1768,$,(#1769,#1770,#1771,#1772,#1773,#1774),$);
#1776=IFCSHAPEREPRESENTATION(#11,'Body','Tessellation',(#1775));
#1777=IFCPRODUCTDEFINITIONSHAPE($,$,(#1776));
#1778=IFCSTYLEDITEM(#1775,(#32),'Demo column');
#1784=IFCCARTESIANPOINT((5.,8.6999999999999993,3.6000000000000001));
#1785=IFCDIRECTION((0.,0.,1.));
#1786=IFCDIRECTION((1.,0.,0.));
#1787=IFCAXIS2PLACEMENT3D(#1784,#1785,#1786);
#1788=IFCLOCALPLACEMENT($,#1787);
#1789=IFCWINDOW('0Nu4T3ErXEUA0OKkHY7nbu',$,'Level 2 north window 5',$,$,#1810,#1799,$,$,$,$,$,$);
#1790=IFCCARTESIANPOINTLIST3D(((0.,0.,0.),(4.0999999999999996,0.,0.),(4.0999999999999996,0.12,0.),(0.,0.12,0.),(0.,0.,2.1000000000000001),(4.0999999999999996,0.,2.1000000000000001),(4.0999999999999996,0.12,2.1000000000000001),(0.,0.12,2.1000000000000001)));
#1791=IFCINDEXEDPOLYGONALFACE((1,4,3,2));
#1792=IFCINDEXEDPOLYGONALFACE((5,6,7,8));
#1793=IFCINDEXEDPOLYGONALFACE((1,2,6,5));
#1794=IFCINDEXEDPOLYGONALFACE((2,3,7,6));
#1795=IFCINDEXEDPOLYGONALFACE((3,4,8,7));
#1796=IFCINDEXEDPOLYGONALFACE((4,1,5,8));
#1797=IFCPOLYGONALFACESET(#1790,$,(#1791,#1792,#1793,#1794,#1795,#1796),$);
#1798=IFCSHAPEREPRESENTATION(#11,'Body','Tessellation',(#1797));
#1799=IFCPRODUCTDEFINITIONSHAPE($,$,(#1798));
#1800=IFCSTYLEDITEM(#1797,(#35),'Demo glass');
#1806=IFCCARTESIANPOINT((5.4500000000000002,8.8199999999999985,4.4000000000000004));
#1807=IFCDIRECTION((0.,0.,1.));
#1808=IFCDIRECTION((1.,0.,0.));
#1809=IFCAXIS2PLACEMENT3D(#1806,#1807,#1808);
#1810=IFCLOCALPLACEMENT($,#1809);
#1811=IFCCOLUMN('1ZLVoZbE14$P1WPJf1QR31',$,'Level 2 north pier 6',$,$,#1832,#1821,$,$);
#1812=IFCCARTESIANPOINTLIST3D(((0.,0.,0.),(0.40000000000000002,0.,0.),(0.40000000000000002,0.40000000000000002,0.),(0.,0.40000000000000002,0.),(0.,0.,3.6000000000000001),(0.40000000000000002,0.,3.6000000000000001),(0.40000000000000002,0.40000000000000002,3.6000000000000001),(0.,0.40000000000000002,3.6000000000000001)));
#1813=IFCINDEXEDPOLYGONALFACE((1,4,3,2));
#1814=IFCINDEXEDPOLYGONALFACE((5,6,7,8));
#1815=IFCINDEXEDPOLYGONALFACE((1,2,6,5));
#1816=IFCINDEXEDPOLYGONALFACE((2,3,7,6));
#1817=IFCINDEXEDPOLYGONALFACE((3,4,8,7));
#1818=IFCINDEXEDPOLYGONALFACE((4,1,5,8));
#1819=IFCPOLYGONALFACESET(#1812,$,(#1813,#1814,#1815,#1816,#1817,#1818),$);
#1820=IFCSHAPEREPRESENTATION(#11,'Body','Tessellation',(#1819));
#1821=IFCPRODUCTDEFINITIONSHAPE($,$,(#1820));
#1822=IFCSTYLEDITEM(#1819,(#32),'Demo column');
#1828=IFCCARTESIANPOINT((10.,8.6999999999999993,3.6000000000000001));
#1829=IFCDIRECTION((0.,0.,1.));
#1830=IFCDIRECTION((1.,0.,0.));
#1831=IFCAXIS2PLACEMENT3D(#1828,#1829,#1830);
#1832=IFCLOCALPLACEMENT($,#1831);
#1833=IFCWINDOW('3EcfUQrAHBJRtc_0LUZjoY',$,'Level 2 north window 6',$,$,#1854,#1843,$,$,$,$,$,$);
#1834=IFCCARTESIANPOINTLIST3D(((0.,0.,0.),(4.0999999999999996,0.,0.),(4.0999999999999996,0.12,0.),(0.,0.12,0.),(0.,0.,2.1000000000000001),(4.0999999999999996,0.,2.1000000000000001),(4.0999999999999996,0.12,2.1000000000000001),(0.,0.12,2.1000000000000001)));
#1835=IFCINDEXEDPOLYGONALFACE((1,4,3,2));
#1836=IFCINDEXEDPOLYGONALFACE((5,6,7,8));
#1837=IFCINDEXEDPOLYGONALFACE((1,2,6,5));
#1838=IFCINDEXEDPOLYGONALFACE((2,3,7,6));
#1839=IFCINDEXEDPOLYGONALFACE((3,4,8,7));
#1840=IFCINDEXEDPOLYGONALFACE((4,1,5,8));
#1841=IFCPOLYGONALFACESET(#1834,$,(#1835,#1836,#1837,#1838,#1839,#1840),$);
#1842=IFCSHAPEREPRESENTATION(#11,'Body','Tessellation',(#1841));
#1843=IFCPRODUCTDEFINITIONSHAPE($,$,(#1842));
#1844=IFCSTYLEDITEM(#1841,(#35),'Demo glass');
#1850=IFCCARTESIANPOINT((10.449999999999999,8.8199999999999985,4.4000000000000004));
#1851=IFCDIRECTION((0.,0.,1.));
#1852=IFCDIRECTION((1.,0.,0.));
#1853=IFCAXIS2PLACEMENT3D(#1850,#1851,#1852);
#1854=IFCLOCALPLACEMENT($,#1853);
#1855=IFCWALL('2O5i2Ef4995gTTTNV7aoiW',$,'Level 2 west sill',$,$,#1876,#1865,$,$);
#1856=IFCCARTESIANPOINTLIST3D(((0.,0.,0.),(0.29999999999999999,0.,0.),(0.29999999999999999,18.,0.),(0.,18.,0.),(0.,0.,0.80000000000000004),(0.29999999999999999,0.,0.80000000000000004),(0.29999999999999999,18.,0.80000000000000004),(0.,18.,0.80000000000000004)));
#1857=IFCINDEXEDPOLYGONALFACE((1,4,3,2));
#1858=IFCINDEXEDPOLYGONALFACE((5,6,7,8));
#1859=IFCINDEXEDPOLYGONALFACE((1,2,6,5));
#1860=IFCINDEXEDPOLYGONALFACE((2,3,7,6));
#1861=IFCINDEXEDPOLYGONALFACE((3,4,8,7));
#1862=IFCINDEXEDPOLYGONALFACE((4,1,5,8));
#1863=IFCPOLYGONALFACESET(#1856,$,(#1857,#1858,#1859,#1860,#1861,#1862),$);
#1864=IFCSHAPEREPRESENTATION(#11,'Body','Tessellation',(#1863));
#1865=IFCPRODUCTDEFINITIONSHAPE($,$,(#1864));
#1866=IFCSTYLEDITEM(#1863,(#29),'Demo wall');
#1872=IFCCARTESIANPOINT((-15.,-9.,3.6000000000000001));
#1873=IFCDIRECTION((0.,0.,1.));
#1874=IFCDIRECTION((1.,0.,0.));
#1875=IFCAXIS2PLACEMENT3D(#1872,#1873,#1874);
#1876=IFCLOCALPLACEMENT($,#1875);
#1877=IFCWALL('2uS9PioED1f9WxELrbV9YB',$,'Level 2 west header',$,$,#1898,#1887,$,$);
#1878=IFCCARTESIANPOINTLIST3D(((0.,0.,0.),(0.29999999999999999,0.,0.),(0.29999999999999999,18.,0.),(0.,18.,0.),(0.,0.,0.69999999999999996),(0.29999999999999999,0.,0.69999999999999996),(0.29999999999999999,18.,0.69999999999999996),(0.,18.,0.69999999999999996)));
#1879=IFCINDEXEDPOLYGONALFACE((1,4,3,2));
#1880=IFCINDEXEDPOLYGONALFACE((5,6,7,8));
#1881=IFCINDEXEDPOLYGONALFACE((1,2,6,5));
#1882=IFCINDEXEDPOLYGONALFACE((2,3,7,6));
#1883=IFCINDEXEDPOLYGONALFACE((3,4,8,7));
#1884=IFCINDEXEDPOLYGONALFACE((4,1,5,8));
#1885=IFCPOLYGONALFACESET(#1878,$,(#1879,#1880,#1881,#1882,#1883,#1884),$);
#1886=IFCSHAPEREPRESENTATION(#11,'Body','Tessellation',(#1885));
#1887=IFCPRODUCTDEFINITIONSHAPE($,$,(#1886));
#1888=IFCSTYLEDITEM(#1885,(#29),'Demo wall');
#1894=IFCCARTESIANPOINT((-15.,-9.,6.5));
#1895=IFCDIRECTION((0.,0.,1.));
#1896=IFCDIRECTION((1.,0.,0.));
#1897=IFCAXIS2PLACEMENT3D(#1894,#1895,#1896);
#1898=IFCLOCALPLACEMENT($,#1897);
#1899=IFCCOLUMN('3W6OccmU9C3gLV_Rv0rFlF',$,'Level 2 west pier 1',$,$,#1920,#1909,$,$);
#1900=IFCCARTESIANPOINTLIST3D(((0.,0.,0.),(0.40000000000000002,0.,0.),(0.40000000000000002,0.40000000000000002,0.),(0.,0.40000000000000002,0.),(0.,0.,3.6000000000000001),(0.40000000000000002,0.,3.6000000000000001),(0.40000000000000002,0.40000000000000002,3.6000000000000001),(0.,0.40000000000000002,3.6000000000000001)));
#1901=IFCINDEXEDPOLYGONALFACE((1,4,3,2));
#1902=IFCINDEXEDPOLYGONALFACE((5,6,7,8));
#1903=IFCINDEXEDPOLYGONALFACE((1,2,6,5));
#1904=IFCINDEXEDPOLYGONALFACE((2,3,7,6));
#1905=IFCINDEXEDPOLYGONALFACE((3,4,8,7));
#1906=IFCINDEXEDPOLYGONALFACE((4,1,5,8));
#1907=IFCPOLYGONALFACESET(#1900,$,(#1901,#1902,#1903,#1904,#1905,#1906),$);
#1908=IFCSHAPEREPRESENTATION(#11,'Body','Tessellation',(#1907));
#1909=IFCPRODUCTDEFINITIONSHAPE($,$,(#1908));
#1910=IFCSTYLEDITEM(#1907,(#32),'Demo column');
#1916=IFCCARTESIANPOINT((-15.,-9.,3.6000000000000001));
#1917=IFCDIRECTION((0.,0.,1.));
#1918=IFCDIRECTION((1.,0.,0.));
#1919=IFCAXIS2PLACEMENT3D(#1916,#1917,#1918);
#1920=IFCLOCALPLACEMENT($,#1919);
#1921=IFCWINDOW('2MDz4UHdL69w6TOISnsLnR',$,'Level 2 west window 1',$,$,#1942,#1931,$,$,$,$,$,$);
#1922=IFCCARTESIANPOINTLIST3D(((0.,0.,0.),(0.12,0.,0.),(0.12,5.0999999999999996,0.),(0.,5.0999999999999996,0.),(0.,0.,2.1000000000000001),(0.12,0.,2.1000000000000001),(0.12,5.0999999999999996,2.1000000000000001),(0.,5.0999999999999996,2.1000000000000001)));
#1923=IFCINDEXEDPOLYGONALFACE((1,4,3,2));
#1924=IFCINDEXEDPOLYGONALFACE((5,6,7,8));
#1925=IFCINDEXEDPOLYGONALFACE((1,2,6,5));
#1926=IFCINDEXEDPOLYGONALFACE((2,3,7,6));
#1927=IFCINDEXEDPOLYGONALFACE((3,4,8,7));
#1928=IFCINDEXEDPOLYGONALFACE((4,1,5,8));
#1929=IFCPOLYGONALFACESET(#1922,$,(#1923,#1924,#1925,#1926,#1927,#1928),$);
#1930=IFCSHAPEREPRESENTATION(#11,'Body','Tessellation',(#1929));
#1931=IFCPRODUCTDEFINITIONSHAPE($,$,(#1930));
#1932=IFCSTYLEDITEM(#1929,(#35),'Demo glass');
#1938=IFCCARTESIANPOINT((-14.880000000000001,-8.5500000000000007,4.4000000000000004));
#1939=IFCDIRECTION((0.,0.,1.));
#1940=IFCDIRECTION((1.,0.,0.));
#1941=IFCAXIS2PLACEMENT3D(#1938,#1939,#1940);
#1942=IFCLOCALPLACEMENT($,#1941);
#1943=IFCCOLUMN('3Z7Tya9l509AxG_mIvZ4IX',$,'Level 2 west pier 2',$,$,#1964,#1953,$,$);
#1944=IFCCARTESIANPOINTLIST3D(((0.,0.,0.),(0.40000000000000002,0.,0.),(0.40000000000000002,0.40000000000000002,0.),(0.,0.40000000000000002,0.),(0.,0.,3.6000000000000001),(0.40000000000000002,0.,3.6000000000000001),(0.40000000000000002,0.40000000000000002,3.6000000000000001),(0.,0.40000000000000002,3.6000000000000001)));
#1945=IFCINDEXEDPOLYGONALFACE((1,4,3,2));
#1946=IFCINDEXEDPOLYGONALFACE((5,6,7,8));
#1947=IFCINDEXEDPOLYGONALFACE((1,2,6,5));
#1948=IFCINDEXEDPOLYGONALFACE((2,3,7,6));
#1949=IFCINDEXEDPOLYGONALFACE((3,4,8,7));
#1950=IFCINDEXEDPOLYGONALFACE((4,1,5,8));
#1951=IFCPOLYGONALFACESET(#1944,$,(#1945,#1946,#1947,#1948,#1949,#1950),$);
#1952=IFCSHAPEREPRESENTATION(#11,'Body','Tessellation',(#1951));
#1953=IFCPRODUCTDEFINITIONSHAPE($,$,(#1952));
#1954=IFCSTYLEDITEM(#1951,(#32),'Demo column');
#1960=IFCCARTESIANPOINT((-15.,-3.,3.6000000000000001));
#1961=IFCDIRECTION((0.,0.,1.));
#1962=IFCDIRECTION((1.,0.,0.));
#1963=IFCAXIS2PLACEMENT3D(#1960,#1961,#1962);
#1964=IFCLOCALPLACEMENT($,#1963);
#1965=IFCWINDOW('2RzVa$wmrD1hQQmpkfNYaH',$,'Level 2 west window 2',$,$,#1986,#1975,$,$,$,$,$,$);
#1966=IFCCARTESIANPOINTLIST3D(((0.,0.,0.),(0.12,0.,0.),(0.12,5.0999999999999996,0.),(0.,5.0999999999999996,0.),(0.,0.,2.1000000000000001),(0.12,0.,2.1000000000000001),(0.12,5.0999999999999996,2.1000000000000001),(0.,5.0999999999999996,2.1000000000000001)));
#1967=IFCINDEXEDPOLYGONALFACE((1,4,3,2));
#1968=IFCINDEXEDPOLYGONALFACE((5,6,7,8));
#1969=IFCINDEXEDPOLYGONALFACE((1,2,6,5));
#1970=IFCINDEXEDPOLYGONALFACE((2,3,7,6));
#1971=IFCINDEXEDPOLYGONALFACE((3,4,8,7));
#1972=IFCINDEXEDPOLYGONALFACE((4,1,5,8));
#1973=IFCPOLYGONALFACESET(#1966,$,(#1967,#1968,#1969,#1970,#1971,#1972),$);
#1974=IFCSHAPEREPRESENTATION(#11,'Body','Tessellation',(#1973));
#1975=IFCPRODUCTDEFINITIONSHAPE($,$,(#1974));
#1976=IFCSTYLEDITEM(#1973,(#35),'Demo glass');
#1982=IFCCARTESIANPOINT((-14.880000000000001,-2.5499999999999998,4.4000000000000004));
#1983=IFCDIRECTION((0.,0.,1.));
#1984=IFCDIRECTION((1.,0.,0.));
#1985=IFCAXIS2PLACEMENT3D(#1982,#1983,#1984);
#1986=IFCLOCALPLACEMENT($,#1985);
#1987=IFCCOLUMN('2d3w4k01X5MwICfhKE3g4p',$,'Level 2 west pier 3',$,$,#2008,#1997,$,$);
#1988=IFCCARTESIANPOINTLIST3D(((0.,0.,0.),(0.40000000000000002,0.,0.),(0.40000000000000002,0.40000000000000002,0.),(0.,0.40000000000000002,0.),(0.,0.,3.6000000000000001),(0.40000000000000002,0.,3.6000000000000001),(0.40000000000000002,0.40000000000000002,3.6000000000000001),(0.,0.40000000000000002,3.6000000000000001)));
#1989=IFCINDEXEDPOLYGONALFACE((1,4,3,2));
#1990=IFCINDEXEDPOLYGONALFACE((5,6,7,8));
#1991=IFCINDEXEDPOLYGONALFACE((1,2,6,5));
#1992=IFCINDEXEDPOLYGONALFACE((2,3,7,6));
#1993=IFCINDEXEDPOLYGONALFACE((3,4,8,7));
#1994=IFCINDEXEDPOLYGONALFACE((4,1,5,8));
#1995=IFCPOLYGONALFACESET(#1988,$,(#1989,#1990,#1991,#1992,#1993,#1994),$);
#1996=IFCSHAPEREPRESENTATION(#11,'Body','Tessellation',(#1995));
#1997=IFCPRODUCTDEFINITIONSHAPE($,$,(#1996));
#1998=IFCSTYLEDITEM(#1995,(#32),'Demo column');
#2004=IFCCARTESIANPOINT((-15.,3.,3.6000000000000001));
#2005=IFCDIRECTION((0.,0.,1.));
#2006=IFCDIRECTION((1.,0.,0.));
#2007=IFCAXIS2PLACEMENT3D(#2004,#2005,#2006);
#2008=IFCLOCALPLACEMENT($,#2007);
#2009=IFCWINDOW('2KNkN_Rkz0sug8Mde__gj2',$,'Level 2 west window 3',$,$,#2030,#2019,$,$,$,$,$,$);
#2010=IFCCARTESIANPOINTLIST3D(((0.,0.,0.),(0.12,0.,0.),(0.12,5.0999999999999996,0.),(0.,5.0999999999999996,0.),(0.,0.,2.1000000000000001),(0.12,0.,2.1000000000000001),(0.12,5.0999999999999996,2.1000000000000001),(0.,5.0999999999999996,2.1000000000000001)));
#2011=IFCINDEXEDPOLYGONALFACE((1,4,3,2));
#2012=IFCINDEXEDPOLYGONALFACE((5,6,7,8));
#2013=IFCINDEXEDPOLYGONALFACE((1,2,6,5));
#2014=IFCINDEXEDPOLYGONALFACE((2,3,7,6));
#2015=IFCINDEXEDPOLYGONALFACE((3,4,8,7));
#2016=IFCINDEXEDPOLYGONALFACE((4,1,5,8));
#2017=IFCPOLYGONALFACESET(#2010,$,(#2011,#2012,#2013,#2014,#2015,#2016),$);
#2018=IFCSHAPEREPRESENTATION(#11,'Body','Tessellation',(#2017));
#2019=IFCPRODUCTDEFINITIONSHAPE($,$,(#2018));
#2020=IFCSTYLEDITEM(#2017,(#35),'Demo glass');
#2026=IFCCARTESIANPOINT((-14.880000000000001,3.4500000000000002,4.4000000000000004));
#2027=IFCDIRECTION((0.,0.,1.));
#2028=IFCDIRECTION((1.,0.,0.));
#2029=IFCAXIS2PLACEMENT3D(#2026,#2027,#2028);
#2030=IFCLOCALPLACEMENT($,#2029);
#2031=IFCWALL('3d49wyKO5BzPu940QN_Sn7',$,'Level 2 east sill',$,$,#2052,#2041,$,$);
#2032=IFCCARTESIANPOINTLIST3D(((0.,0.,0.),(0.29999999999999999,0.,0.),(0.29999999999999999,18.,0.),(0.,18.,0.),(0.,0.,0.80000000000000004),(0.29999999999999999,0.,0.80000000000000004),(0.29999999999999999,18.,0.80000000000000004),(0.,18.,0.80000000000000004)));
#2033=IFCINDEXEDPOLYGONALFACE((1,4,3,2));
#2034=IFCINDEXEDPOLYGONALFACE((5,6,7,8));
#2035=IFCINDEXEDPOLYGONALFACE((1,2,6,5));
#2036=IFCINDEXEDPOLYGONALFACE((2,3,7,6));
#2037=IFCINDEXEDPOLYGONALFACE((3,4,8,7));
#2038=IFCINDEXEDPOLYGONALFACE((4,1,5,8));
#2039=IFCPOLYGONALFACESET(#2032,$,(#2033,#2034,#2035,#2036,#2037,#2038),$);
#2040=IFCSHAPEREPRESENTATION(#11,'Body','Tessellation',(#2039));
#2041=IFCPRODUCTDEFINITIONSHAPE($,$,(#2040));
#2042=IFCSTYLEDITEM(#2039,(#29),'Demo wall');
#2048=IFCCARTESIANPOINT((14.699999999999999,-9.,3.6000000000000001));
#2049=IFCDIRECTION((0.,0.,1.));
#2050=IFCDIRECTION((1.,0.,0.));
#2051=IFCAXIS2PLACEMENT3D(#2048,#2049,#2050);
#2052=IFCLOCALPLACEMENT($,#2051);
#2053=IFCWALL('2ZwqFqryb0zgILFAa1Vnri',$,'Level 2 east header',$,$,#2074,#2063,$,$);
#2054=IFCCARTESIANPOINTLIST3D(((0.,0.,0.),(0.29999999999999999,0.,0.),(0.29999999999999999,18.,0.),(0.,18.,0.),(0.,0.,0.69999999999999996),(0.29999999999999999,0.,0.69999999999999996),(0.29999999999999999,18.,0.69999999999999996),(0.,18.,0.69999999999999996)));
#2055=IFCINDEXEDPOLYGONALFACE((1,4,3,2));
#2056=IFCINDEXEDPOLYGONALFACE((5,6,7,8));
#2057=IFCINDEXEDPOLYGONALFACE((1,2,6,5));
#2058=IFCINDEXEDPOLYGONALFACE((2,3,7,6));
#2059=IFCINDEXEDPOLYGONALFACE((3,4,8,7));
#2060=IFCINDEXEDPOLYGONALFACE((4,1,5,8));
#2061=IFCPOLYGONALFACESET(#2054,$,(#2055,#2056,#2057,#2058,#2059,#2060),$);
#2062=IFCSHAPEREPRESENTATION(#11,'Body','Tessellation',(#2061));
#2063=IFCPRODUCTDEFINITIONSHAPE($,$,(#2062));
#2064=IFCSTYLEDITEM(#2061,(#29),'Demo wall');
#2070=IFCCARTESIANPOINT((14.699999999999999,-9.,6.5));
#2071=IFCDIRECTION((0.,0.,1.));
#2072=IFCDIRECTION((1.,0.,0.));
#2073=IFCAXIS2PLACEMENT3D(#2070,#2071,#2072);
#2074=IFCLOCALPLACEMENT($,#2073);
#2075=IFCCOLUMN('3FUQsQD1P69PCDxbYbViYx',$,'Level 2 east pier 1',$,$,#2096,#2085,$,$);
#2076=IFCCARTESIANPOINTLIST3D(((0.,0.,0.),(0.40000000000000002,0.,0.),(0.40000000000000002,0.40000000000000002,0.),(0.,0.40000000000000002,0.),(0.,0.,3.6000000000000001),(0.40000000000000002,0.,3.6000000000000001),(0.40000000000000002,0.40000000000000002,3.6000000000000001),(0.,0.40000000000000002,3.6000000000000001)));
#2077=IFCINDEXEDPOLYGONALFACE((1,4,3,2));
#2078=IFCINDEXEDPOLYGONALFACE((5,6,7,8));
#2079=IFCINDEXEDPOLYGONALFACE((1,2,6,5));
#2080=IFCINDEXEDPOLYGONALFACE((2,3,7,6));
#2081=IFCINDEXEDPOLYGONALFACE((3,4,8,7));
#2082=IFCINDEXEDPOLYGONALFACE((4,1,5,8));
#2083=IFCPOLYGONALFACESET(#2076,$,(#2077,#2078,#2079,#2080,#2081,#2082),$);
#2084=IFCSHAPEREPRESENTATION(#11,'Body','Tessellation',(#2083));
#2085=IFCPRODUCTDEFINITIONSHAPE($,$,(#2084));
#2086=IFCSTYLEDITEM(#2083,(#32),'Demo column');
#2092=IFCCARTESIANPOINT((14.699999999999999,-9.,3.6000000000000001));
#2093=IFCDIRECTION((0.,0.,1.));
#2094=IFCDIRECTION((1.,0.,0.));
#2095=IFCAXIS2PLACEMENT3D(#2092,#2093,#2094);
#2096=IFCLOCALPLACEMENT($,#2095);
#2097=IFCWINDOW('3wnoTKtH5FpA06Pmt5tKL$',$,'Level 2 east window 1',$,$,#2118,#2107,$,$,$,$,$,$);
#2098=IFCCARTESIANPOINTLIST3D(((0.,0.,0.),(0.12,0.,0.),(0.12,5.0999999999999996,0.),(0.,5.0999999999999996,0.),(0.,0.,2.1000000000000001),(0.12,0.,2.1000000000000001),(0.12,5.0999999999999996,2.1000000000000001),(0.,5.0999999999999996,2.1000000000000001)));
#2099=IFCINDEXEDPOLYGONALFACE((1,4,3,2));
#2100=IFCINDEXEDPOLYGONALFACE((5,6,7,8));
#2101=IFCINDEXEDPOLYGONALFACE((1,2,6,5));
#2102=IFCINDEXEDPOLYGONALFACE((2,3,7,6));
#2103=IFCINDEXEDPOLYGONALFACE((3,4,8,7));
#2104=IFCINDEXEDPOLYGONALFACE((4,1,5,8));
#2105=IFCPOLYGONALFACESET(#2098,$,(#2099,#2100,#2101,#2102,#2103,#2104),$);
#2106=IFCSHAPEREPRESENTATION(#11,'Body','Tessellation',(#2105));
#2107=IFCPRODUCTDEFINITIONSHAPE($,$,(#2106));
#2108=IFCSTYLEDITEM(#2105,(#35),'Demo glass');
#2114=IFCCARTESIANPOINT((14.819999999999999,-8.5500000000000007,4.4000000000000004));
#2115=IFCDIRECTION((0.,0.,1.));
#2116=IFCDIRECTION((1.,0.,0.));
#2117=IFCAXIS2PLACEMENT3D(#2114,#2115,#2116);
#2118=IFCLOCALPLACEMENT($,#2117);
#2119=IFCCOLUMN('1Ha5R4brX69R1bA3JK4rxv',$,'Level 2 east pier 2',$,$,#2140,#2129,$,$);
#2120=IFCCARTESIANPOINTLIST3D(((0.,0.,0.),(0.40000000000000002,0.,0.),(0.40000000000000002,0.40000000000000002,0.),(0.,0.40000000000000002,0.),(0.,0.,3.6000000000000001),(0.40000000000000002,0.,3.6000000000000001),(0.40000000000000002,0.40000000000000002,3.6000000000000001),(0.,0.40000000000000002,3.6000000000000001)));
#2121=IFCINDEXEDPOLYGONALFACE((1,4,3,2));
#2122=IFCINDEXEDPOLYGONALFACE((5,6,7,8));
#2123=IFCINDEXEDPOLYGONALFACE((1,2,6,5));
#2124=IFCINDEXEDPOLYGONALFACE((2,3,7,6));
#2125=IFCINDEXEDPOLYGONALFACE((3,4,8,7));
#2126=IFCINDEXEDPOLYGONALFACE((4,1,5,8));
#2127=IFCPOLYGONALFACESET(#2120,$,(#2121,#2122,#2123,#2124,#2125,#2126),$);
#2128=IFCSHAPEREPRESENTATION(#11,'Body','Tessellation',(#2127));
#2129=IFCPRODUCTDEFINITIONSHAPE($,$,(#2128));
#2130=IFCSTYLEDITEM(#2127,(#32),'Demo column');
#2136=IFCCARTESIANPOINT((14.699999999999999,-3.,3.6000000000000001));
#2137=IFCDIRECTION((0.,0.,1.));
#2138=IFCDIRECTION((1.,0.,0.));
#2139=IFCAXIS2PLACEMENT3D(#2136,#2137,#2138);
#2140=IFCLOCALPLACEMENT($,#2139);
#2141=IFCWINDOW('1x0gqK5KfCx9Q7bxvyynnw',$,'Level 2 east window 2',$,$,#2162,#2151,$,$,$,$,$,$);
#2142=IFCCARTESIANPOINTLIST3D(((0.,0.,0.),(0.12,0.,0.),(0.12,5.0999999999999996,0.),(0.,5.0999999999999996,0.),(0.,0.,2.1000000000000001),(0.12,0.,2.1000000000000001),(0.12,5.0999999999999996,2.1000000000000001),(0.,5.0999999999999996,2.1000000000000001)));
#2143=IFCINDEXEDPOLYGONALFACE((1,4,3,2));
#2144=IFCINDEXEDPOLYGONALFACE((5,6,7,8));
#2145=IFCINDEXEDPOLYGONALFACE((1,2,6,5));
#2146=IFCINDEXEDPOLYGONALFACE((2,3,7,6));
#2147=IFCINDEXEDPOLYGONALFACE((3,4,8,7));
#2148=IFCINDEXEDPOLYGONALFACE((4,1,5,8));
#2149=IFCPOLYGONALFACESET(#2142,$,(#2143,#2144,#2145,#2146,#2147,#2148),$);
#2150=IFCSHAPEREPRESENTATION(#11,'Body','Tessellation',(#2149));
#2151=IFCPRODUCTDEFINITIONSHAPE($,$,(#2150));
#2152=IFCSTYLEDITEM(#2149,(#35),'Demo glass');
#2158=IFCCARTESIANPOINT((14.819999999999999,-2.5499999999999998,4.4000000000000004));
#2159=IFCDIRECTION((0.,0.,1.));
#2160=IFCDIRECTION((1.,0.,0.));
#2161=IFCAXIS2PLACEMENT3D(#2158,#2159,#2160);
#2162=IFCLOCALPLACEMENT($,#2161);
#2163=IFCCOLUMN('0zbjHCS5v6WOsIHfTnZm1R',$,'Level 2 east pier 3',$,$,#2184,#2173,$,$);
#2164=IFCCARTESIANPOINTLIST3D(((0.,0.,0.),(0.40000000000000002,0.,0.),(0.40000000000000002,0.40000000000000002,0.),(0.,0.40000000000000002,0.),(0.,0.,3.6000000000000001),(0.40000000000000002,0.,3.6000000000000001),(0.40000000000000002,0.40000000000000002,3.6000000000000001),(0.,0.40000000000000002,3.6000000000000001)));
#2165=IFCINDEXEDPOLYGONALFACE((1,4,3,2));
#2166=IFCINDEXEDPOLYGONALFACE((5,6,7,8));
#2167=IFCINDEXEDPOLYGONALFACE((1,2,6,5));
#2168=IFCINDEXEDPOLYGONALFACE((2,3,7,6));
#2169=IFCINDEXEDPOLYGONALFACE((3,4,8,7));
#2170=IFCINDEXEDPOLYGONALFACE((4,1,5,8));
#2171=IFCPOLYGONALFACESET(#2164,$,(#2165,#2166,#2167,#2168,#2169,#2170),$);
#2172=IFCSHAPEREPRESENTATION(#11,'Body','Tessellation',(#2171));
#2173=IFCPRODUCTDEFINITIONSHAPE($,$,(#2172));
#2174=IFCSTYLEDITEM(#2171,(#32),'Demo column');
#2180=IFCCARTESIANPOINT((14.699999999999999,3.,3.6000000000000001));
#2181=IFCDIRECTION((0.,0.,1.));
#2182=IFCDIRECTION((1.,0.,0.));
#2183=IFCAXIS2PLACEMENT3D(#2180,#2181,#2182);
#2184=IFCLOCALPLACEMENT($,#2183);
#2185=IFCWINDOW('2HgdzqCzP7bxuaML859b5o',$,'Level 2 east window 3',$,$,#2206,#2195,$,$,$,$,$,$);
#2186=IFCCARTESIANPOINTLIST3D(((0.,0.,0.),(0.12,0.,0.),(0.12,5.0999999999999996,0.),(0.,5.0999999999999996,0.),(0.,0.,2.1000000000000001),(0.12,0.,2.1000000000000001),(0.12,5.0999999999999996,2.1000000000000001),(0.,5.0999999999999996,2.1000000000000001)));
#2187=IFCINDEXEDPOLYGONALFACE((1,4,3,2));
#2188=IFCINDEXEDPOLYGONALFACE((5,6,7,8));
#2189=IFCINDEXEDPOLYGONALFACE((1,2,6,5));
#2190=IFCINDEXEDPOLYGONALFACE((2,3,7,6));
#2191=IFCINDEXEDPOLYGONALFACE((3,4,8,7));
#2192=IFCINDEXEDPOLYGONALFACE((4,1,5,8));
#2193=IFCPOLYGONALFACESET(#2186,$,(#2187,#2188,#2189,#2190,#2191,#2192),$);
#2194=IFCSHAPEREPRESENTATION(#11,'Body','Tessellation',(#2193));
#2195=IFCPRODUCTDEFINITIONSHAPE($,$,(#2194));
#2196=IFCSTYLEDITEM(#2193,(#35),'Demo glass');
#2202=IFCCARTESIANPOINT((14.819999999999999,3.4500000000000002,4.4000000000000004));
#2203=IFCDIRECTION((0.,0.,1.));
#2204=IFCDIRECTION((1.,0.,0.));
#2205=IFCAXIS2PLACEMENT3D(#2202,#2203,#2204);
#2206=IFCLOCALPLACEMENT($,#2205);
#2207=IFCCOLUMN('2zlE$IvwbDKAcLZqSL2NEF',$,'Level 2 interior column -10,-4',$,$,#2228,#2217,$,$);
#2208=IFCCARTESIANPOINTLIST3D(((0.,0.,0.),(0.45000000000000001,0.,0.),(0.45000000000000001,0.45000000000000001,0.),(0.,0.45000000000000001,0.),(0.,0.,3.6000000000000001),(0.45000000000000001,0.,3.6000000000000001),(0.45000000000000001,0.45000000000000001,3.6000000000000001),(0.,0.45000000000000001,3.6000000000000001)));
#2209=IFCINDEXEDPOLYGONALFACE((1,4,3,2));
#2210=IFCINDEXEDPOLYGONALFACE((5,6,7,8));
#2211=IFCINDEXEDPOLYGONALFACE((1,2,6,5));
#2212=IFCINDEXEDPOLYGONALFACE((2,3,7,6));
#2213=IFCINDEXEDPOLYGONALFACE((3,4,8,7));
#2214=IFCINDEXEDPOLYGONALFACE((4,1,5,8));
#2215=IFCPOLYGONALFACESET(#2208,$,(#2209,#2210,#2211,#2212,#2213,#2214),$);
#2216=IFCSHAPEREPRESENTATION(#11,'Body','Tessellation',(#2215));
#2217=IFCPRODUCTDEFINITIONSHAPE($,$,(#2216));
#2218=IFCSTYLEDITEM(#2215,(#32),'Demo column');
#2224=IFCCARTESIANPOINT((-10.,-4.,3.6000000000000001));
#2225=IFCDIRECTION((0.,0.,1.));
#2226=IFCDIRECTION((1.,0.,0.));
#2227=IFCAXIS2PLACEMENT3D(#2224,#2225,#2226);
#2228=IFCLOCALPLACEMENT($,#2227);
#2229=IFCCOLUMN('1_B3jbpR949vITd5yyKeAB',$,'Level 2 interior column -10,4',$,$,#2250,#2239,$,$);
#2230=IFCCARTESIANPOINTLIST3D(((0.,0.,0.),(0.45000000000000001,0.,0.),(0.45000000000000001,0.45000000000000001,0.),(0.,0.45000000000000001,0.),(0.,0.,3.6000000000000001),(0.45000000000000001,0.,3.6000000000000001),(0.45000000000000001,0.45000000000000001,3.6000000000000001),(0.,0.45000000000000001,3.6000000000000001)));
#2231=IFCINDEXEDPOLYGONALFACE((1,4,3,2));
#2232=IFCINDEXEDPOLYGONALFACE((5,6,7,8));
#2233=IFCINDEXEDPOLYGONALFACE((1,2,6,5));
#2234=IFCINDEXEDPOLYGONALFACE((2,3,7,6));
#2235=IFCINDEXEDPOLYGONALFACE((3,4,8,7));
#2236=IFCINDEXEDPOLYGONALFACE((4,1,5,8));
#2237=IFCPOLYGONALFACESET(#2230,$,(#2231,#2232,#2233,#2234,#2235,#2236),$);
#2238=IFCSHAPEREPRESENTATION(#11,'Body','Tessellation',(#2237));
#2239=IFCPRODUCTDEFINITIONSHAPE($,$,(#2238));
#2240=IFCSTYLEDITEM(#2237,(#32),'Demo column');
#2246=IFCCARTESIANPOINT((-10.,4.,3.6000000000000001));
#2247=IFCDIRECTION((0.,0.,1.));
#2248=IFCDIRECTION((1.,0.,0.));
#2249=IFCAXIS2PLACEMENT3D(#2246,#2247,#2248);
#2250=IFCLOCALPLACEMENT($,#2249);
#2251=IFCCOLUMN('1OsSpJEq96hBDOhLQFAXxJ',$,'Level 2 interior column 0,-4',$,$,#2272,#2261,$,$);
#2252=IFCCARTESIANPOINTLIST3D(((0.,0.,0.),(0.45000000000000001,0.,0.),(0.45000000000000001,0.45000000000000001,0.),(0.,0.45000000000000001,0.),(0.,0.,3.6000000000000001),(0.45000000000000001,0.,3.6000000000000001),(0.45000000000000001,0.45000000000000001,3.6000000000000001),(0.,0.45000000000000001,3.6000000000000001)));
#2253=IFCINDEXEDPOLYGONALFACE((1,4,3,2));
#2254=IFCINDEXEDPOLYGONALFACE((5,6,7,8));
#2255=IFCINDEXEDPOLYGONALFACE((1,2,6,5));
#2256=IFCINDEXEDPOLYGONALFACE((2,3,7,6));
#2257=IFCINDEXEDPOLYGONALFACE((3,4,8,7));
#2258=IFCINDEXEDPOLYGONALFACE((4,1,5,8));
#2259=IFCPOLYGONALFACESET(#2252,$,(#2253,#2254,#2255,#2256,#2257,#2258),$);
#2260=IFCSHAPEREPRESENTATION(#11,'Body','Tessellation',(#2259));
#2261=IFCPRODUCTDEFINITIONSHAPE($,$,(#2260));
#2262=IFCSTYLEDITEM(#2259,(#32),'Demo column');
#2268=IFCCARTESIANPOINT((0.,-4.,3.6000000000000001));
#2269=IFCDIRECTION((0.,0.,1.));
#2270=IFCDIRECTION((1.,0.,0.));
#2271=IFCAXIS2PLACEMENT3D(#2268,#2269,#2270);
#2272=IFCLOCALPLACEMENT($,#2271);
#2273=IFCCOLUMN('0nNeG$4wT6RRJm5a8HWTbd',$,'Level 2 interior column 0,4',$,$,#2294,#2283,$,$);
#2274=IFCCARTESIANPOINTLIST3D(((0.,0.,0.),(0.45000000000000001,0.,0.),(0.45000000000000001,0.45000000000000001,0.),(0.,0.45000000000000001,0.),(0.,0.,3.6000000000000001),(0.45000000000000001,0.,3.6000000000000001),(0.45000000000000001,0.45000000000000001,3.6000000000000001),(0.,0.45000000000000001,3.6000000000000001)));
#2275=IFCINDEXEDPOLYGONALFACE((1,4,3,2));
#2276=IFCINDEXEDPOLYGONALFACE((5,6,7,8));
#2277=IFCINDEXEDPOLYGONALFACE((1,2,6,5));
#2278=IFCINDEXEDPOLYGONALFACE((2,3,7,6));
#2279=IFCINDEXEDPOLYGONALFACE((3,4,8,7));
#2280=IFCINDEXEDPOLYGONALFACE((4,1,5,8));
#2281=IFCPOLYGONALFACESET(#2274,$,(#2275,#2276,#2277,#2278,#2279,#2280),$);
#2282=IFCSHAPEREPRESENTATION(#11,'Body','Tessellation',(#2281));
#2283=IFCPRODUCTDEFINITIONSHAPE($,$,(#2282));
#2284=IFCSTYLEDITEM(#2281,(#32),'Demo column');
#2290=IFCCARTESIANPOINT((0.,4.,3.6000000000000001));
#2291=IFCDIRECTION((0.,0.,1.));
#2292=IFCDIRECTION((1.,0.,0.));
#2293=IFCAXIS2PLACEMENT3D(#2290,#2291,#2292);
#2294=IFCLOCALPLACEMENT($,#2293);
#2295=IFCCOLUMN('3iPDfaNwrF_foiI1xhzi2P',$,'Level 2 interior column 10,-4',$,$,#2316,#2305,$,$);
#2296=IFCCARTESIANPOINTLIST3D(((0.,0.,0.),(0.45000000000000001,0.,0.),(0.45000000000000001,0.45000000000000001,0.),(0.,0.45000000000000001,0.),(0.,0.,3.6000000000000001),(0.45000000000000001,0.,3.6000000000000001),(0.45000000000000001,0.45000000000000001,3.6000000000000001),(0.,0.45000000000000001,3.6000000000000001)));
#2297=IFCINDEXEDPOLYGONALFACE((1,4,3,2));
#2298=IFCINDEXEDPOLYGONALFACE((5,6,7,8));
#2299=IFCINDEXEDPOLYGONALFACE((1,2,6,5));
#2300=IFCINDEXEDPOLYGONALFACE((2,3,7,6));
#2301=IFCINDEXEDPOLYGONALFACE((3,4,8,7));
#2302=IFCINDEXEDPOLYGONALFACE((4,1,5,8));
#2303=IFCPOLYGONALFACESET(#2296,$,(#2297,#2298,#2299,#2300,#2301,#2302),$);
#2304=IFCSHAPEREPRESENTATION(#11,'Body','Tessellation',(#2303));
#2305=IFCPRODUCTDEFINITIONSHAPE($,$,(#2304));
#2306=IFCSTYLEDITEM(#2303,(#32),'Demo column');
#2312=IFCCARTESIANPOINT((10.,-4.,3.6000000000000001));
#2313=IFCDIRECTION((0.,0.,1.));
#2314=IFCDIRECTION((1.,0.,0.));
#2315=IFCAXIS2PLACEMENT3D(#2312,#2313,#2314);
#2316=IFCLOCALPLACEMENT($,#2315);
#2317=IFCCOLUMN('0lYbAH4Qr7fR_MDr1UqeIl',$,'Level 2 interior column 10,4',$,$,#2338,#2327,$,$);
#2318=IFCCARTESIANPOINTLIST3D(((0.,0.,0.),(0.45000000000000001,0.,0.),(0.45000000000000001,0.45000000000000001,0.),(0.,0.45000000000000001,0.),(0.,0.,3.6000000000000001),(0.45000000000000001,0.,3.6000000000000001),(0.45000000000000001,0.45000000000000001,3.6000000000000001),(0.,0.45000000000000001,3.6000000000000001)));
#2319=IFCINDEXEDPOLYGONALFACE((1,4,3,2));
#2320=IFCINDEXEDPOLYGONALFACE((5,6,7,8));
#2321=IFCINDEXEDPOLYGONALFACE((1,2,6,5));
#2322=IFCINDEXEDPOLYGONALFACE((2,3,7,6));
#2323=IFCINDEXEDPOLYGONALFACE((3,4,8,7));
#2324=IFCINDEXEDPOLYGONALFACE((4,1,5,8));
#2325=IFCPOLYGONALFACESET(#2318,$,(#2319,#2320,#2321,#2322,#2323,#2324),$);
#2326=IFCSHAPEREPRESENTATION(#11,'Body','Tessellation',(#2325));
#2327=IFCPRODUCTDEFINITIONSHAPE($,$,(#2326));
#2328=IFCSTYLEDITEM(#2325,(#32),'Demo column');
#2334=IFCCARTESIANPOINT((10.,4.,3.6000000000000001));
#2335=IFCDIRECTION((0.,0.,1.));
#2336=IFCDIRECTION((1.,0.,0.));
#2337=IFCAXIS2PLACEMENT3D(#2334,#2335,#2336);
#2338=IFCLOCALPLACEMENT($,#2337);
#2339=IFCWALL('0fO4xMDKn6ERPEWnZi0l1z',$,'Level 2 core wall',$,$,#2360,#2349,$,$);
#2340=IFCCARTESIANPOINTLIST3D(((0.,0.,0.),(0.29999999999999999,0.,0.),(0.29999999999999999,4.,0.),(0.,4.,0.),(0.,0.,3.6000000000000001),(0.29999999999999999,0.,3.6000000000000001),(0.29999999999999999,4.,3.6000000000000001),(0.,4.,3.6000000000000001)));
#2341=IFCINDEXEDPOLYGONALFACE((1,4,3,2));
#2342=IFCINDEXEDPOLYGONALFACE((5,6,7,8));
#2343=IFCINDEXEDPOLYGONALFACE((1,2,6,5));
#2344=IFCINDEXEDPOLYGONALFACE((2,3,7,6));
#2345=IFCINDEXEDPOLYGONALFACE((3,4,8,7));
#2346=IFCINDEXEDPOLYGONALFACE((4,1,5,8));
#2347=IFCPOLYGONALFACESET(#2340,$,(#2341,#2342,#2343,#2344,#2345,#2346),$);
#2348=IFCSHAPEREPRESENTATION(#11,'Body','Tessellation',(#2347));
#2349=IFCPRODUCTDEFINITIONSHAPE($,$,(#2348));
#2350=IFCSTYLEDITEM(#2347,(#29),'Demo wall');
#2356=IFCCARTESIANPOINT((-3.,-2.,3.6000000000000001));
#2357=IFCDIRECTION((0.,0.,1.));
#2358=IFCDIRECTION((1.,0.,0.));
#2359=IFCAXIS2PLACEMENT3D(#2356,#2357,#2358);
#2360=IFCLOCALPLACEMENT($,#2359);
#2361=IFCSLAB('1aLndpcV5FABiBbgQ$Ht9_',$,'Level 3 floor',$,$,#2383,#2371,$,$);
#2362=IFCCARTESIANPOINTLIST3D(((0.,0.,0.),(30.,0.,0.),(30.,18.,0.),(0.,18.,0.),(0.,0.,0.28000000000000003),(30.,0.,0.28000000000000003),(30.,18.,0.28000000000000003),(0.,18.,0.28000000000000003)));
#2363=IFCINDEXEDPOLYGONALFACE((1,4,3,2));
#2364=IFCINDEXEDPOLYGONALFACE((5,6,7,8));
#2365=IFCINDEXEDPOLYGONALFACE((1,2,6,5));
#2366=IFCINDEXEDPOLYGONALFACE((2,3,7,6));
#2367=IFCINDEXEDPOLYGONALFACE((3,4,8,7));
#2368=IFCINDEXEDPOLYGONALFACE((4,1,5,8));
#2369=IFCPOLYGONALFACESET(#2362,$,(#2363,#2364,#2365,#2366,#2367,#2368),$);
#2370=IFCSHAPEREPRESENTATION(#11,'Body','Tessellation',(#2369));
#2371=IFCPRODUCTDEFINITIONSHAPE($,$,(#2370));
#2372=IFCSTYLEDITEM(#2369,(#26),'Demo floor');
#2378=IFCRELCONTAINEDINSPATIALSTRUCTURE('1WatpRT_L3ChfRd1QuRd6s',$,$,$,(#3462,#3308,#2472,#2361,#3088,#2538,#3220,#3418,#2846,#3000,#3154,#3132,#2890,#3044,#2516,#2582,#2604,#2384,#2824,#3066,#2450,#2670,#2494,#2736,#2758,#2428,#2912,#2648,#3506,#3264,#2626,#2406,#2692,#2934,#3396,#2560,#3242,#3484,#2978,#3198,#3440,#2802,#2956,#3176,#2780,#3286,#3330,#3110,#3352,#2714,#3374,#2868,#3022),#19);
#2379=IFCCARTESIANPOINT((-15.,-9.,6.9199999999999999));
#2380=IFCDIRECTION((0.,0.,1.));
#2381=IFCDIRECTION((1.,0.,0.));
#2382=IFCAXIS2PLACEMENT3D(#2379,#2380,#2381);
#2383=IFCLOCALPLACEMENT($,#2382);
#2384=IFCWALL('3F$Rnp5jzA5hZDz7pM2DON',$,'Level 3 south sill',$,$,#2405,#2394,$,$);
#2385=IFCCARTESIANPOINTLIST3D(((0.,0.,0.),(30.,0.,0.),(30.,0.29999999999999999,0.),(0.,0.29999999999999999,0.),(0.,0.,0.80000000000000004),(30.,0.,0.80000000000000004),(30.,0.29999999999999999,0.80000000000000004),(0.,0.29999999999999999,0.80000000000000004)));
#2386=IFCINDEXEDPOLYGONALFACE((1,4,3,2));
#2387=IFCINDEXEDPOLYGONALFACE((5,6,7,8));
#2388=IFCINDEXEDPOLYGONALFACE((1,2,6,5));
#2389=IFCINDEXEDPOLYGONALFACE((2,3,7,6));
#2390=IFCINDEXEDPOLYGONALFACE((3,4,8,7));
#2391=IFCINDEXEDPOLYGONALFACE((4,1,5,8));
#2392=IFCPOLYGONALFACESET(#2385,$,(#2386,#2387,#2388,#2389,#2390,#2391),$);
#2393=IFCSHAPEREPRESENTATION(#11,'Body','Tessellation',(#2392));
#2394=IFCPRODUCTDEFINITIONSHAPE($,$,(#2393));
#2395=IFCSTYLEDITEM(#2392,(#29),'Demo wall');
#2401=IFCCARTESIANPOINT((-15.,-9.,7.2000000000000002));
#2402=IFCDIRECTION((0.,0.,1.));
#2403=IFCDIRECTION((1.,0.,0.));
#2404=IFCAXIS2PLACEMENT3D(#2401,#2402,#2403);
#2405=IFCLOCALPLACEMENT($,#2404);
#2406=IFCWALL('09zvEzvtT7B9lOYM$QzxoP',$,'Level 3 south header',$,$,#2427,#2416,$,$);
#2407=IFCCARTESIANPOINTLIST3D(((0.,0.,0.),(30.,0.,0.),(30.,0.29999999999999999,0.),(0.,0.29999999999999999,0.),(0.,0.,0.69999999999999996),(30.,0.,0.69999999999999996),(30.,0.29999999999999999,0.69999999999999996),(0.,0.29999999999999999,0.69999999999999996)));
#2408=IFCINDEXEDPOLYGONALFACE((1,4,3,2));
#2409=IFCINDEXEDPOLYGONALFACE((5,6,7,8));
#2410=IFCINDEXEDPOLYGONALFACE((1,2,6,5));
#2411=IFCINDEXEDPOLYGONALFACE((2,3,7,6));
#2412=IFCINDEXEDPOLYGONALFACE((3,4,8,7));
#2413=IFCINDEXEDPOLYGONALFACE((4,1,5,8));
#2414=IFCPOLYGONALFACESET(#2407,$,(#2408,#2409,#2410,#2411,#2412,#2413),$);
#2415=IFCSHAPEREPRESENTATION(#11,'Body','Tessellation',(#2414));
#2416=IFCPRODUCTDEFINITIONSHAPE($,$,(#2415));
#2417=IFCSTYLEDITEM(#2414,(#29),'Demo wall');
#2423=IFCCARTESIANPOINT((-15.,-9.,10.1));
#2424=IFCDIRECTION((0.,0.,1.));
#2425=IFCDIRECTION((1.,0.,0.));
#2426=IFCAXIS2PLACEMENT3D(#2423,#2424,#2425);
#2427=IFCLOCALPLACEMENT($,#2426);
#2428=IFCCOLUMN('2Zc1FMa$nDjACqFBRJsNse',$,'Level 3 south pier 1',$,$,#2449,#2438,$,$);
#2429=IFCCARTESIANPOINTLIST3D(((0.,0.,0.),(0.40000000000000002,0.,0.),(0.40000000000000002,0.40000000000000002,0.),(0.,0.40000000000000002,0.),(0.,0.,3.6000000000000001),(0.40000000000000002,0.,3.6000000000000001),(0.40000000000000002,0.40000000000000002,3.6000000000000001),(0.,0.40000000000000002,3.6000000000000001)));
#2430=IFCINDEXEDPOLYGONALFACE((1,4,3,2));
#2431=IFCINDEXEDPOLYGONALFACE((5,6,7,8));
#2432=IFCINDEXEDPOLYGONALFACE((1,2,6,5));
#2433=IFCINDEXEDPOLYGONALFACE((2,3,7,6));
#2434=IFCINDEXEDPOLYGONALFACE((3,4,8,7));
#2435=IFCINDEXEDPOLYGONALFACE((4,1,5,8));
#2436=IFCPOLYGONALFACESET(#2429,$,(#2430,#2431,#2432,#2433,#2434,#2435),$);
#2437=IFCSHAPEREPRESENTATION(#11,'Body','Tessellation',(#2436));
#2438=IFCPRODUCTDEFINITIONSHAPE($,$,(#2437));
#2439=IFCSTYLEDITEM(#2436,(#32),'Demo column');
#2445=IFCCARTESIANPOINT((-15.,-9.,7.2000000000000002));
#2446=IFCDIRECTION((0.,0.,1.));
#2447=IFCDIRECTION((1.,0.,0.));
#2448=IFCAXIS2PLACEMENT3D(#2445,#2446,#2447);
#2449=IFCLOCALPLACEMENT($,#2448);
#2450=IFCWINDOW('0ouuFGo6r3nRyDU9XbgotY',$,'Level 3 south window 1',$,$,#2471,#2460,$,$,$,$,$,$);
#2451=IFCCARTESIANPOINTLIST3D(((0.,0.,0.),(4.0999999999999996,0.,0.),(4.0999999999999996,0.12,0.),(0.,0.12,0.),(0.,0.,2.1000000000000001),(4.0999999999999996,0.,2.1000000000000001),(4.0999999999999996,0.12,2.1000000000000001),(0.,0.12,2.1000000000000001)));
#2452=IFCINDEXEDPOLYGONALFACE((1,4,3,2));
#2453=IFCINDEXEDPOLYGONALFACE((5,6,7,8));
#2454=IFCINDEXEDPOLYGONALFACE((1,2,6,5));
#2455=IFCINDEXEDPOLYGONALFACE((2,3,7,6));
#2456=IFCINDEXEDPOLYGONALFACE((3,4,8,7));
#2457=IFCINDEXEDPOLYGONALFACE((4,1,5,8));
#2458=IFCPOLYGONALFACESET(#2451,$,(#2452,#2453,#2454,#2455,#2456,#2457),$);
#2459=IFCSHAPEREPRESENTATION(#11,'Body','Tessellation',(#2458));
#2460=IFCPRODUCTDEFINITIONSHAPE($,$,(#2459));
#2461=IFCSTYLEDITEM(#2458,(#35),'Demo glass');
#2467=IFCCARTESIANPOINT((-14.550000000000001,-8.8800000000000008,8.));
#2468=IFCDIRECTION((0.,0.,1.));
#2469=IFCDIRECTION((1.,0.,0.));
#2470=IFCAXIS2PLACEMENT3D(#2467,#2468,#2469);
#2471=IFCLOCALPLACEMENT($,#2470);
#2472=IFCCOLUMN('2BHTb3vEX1OgnlfRTCayd6',$,'Level 3 south pier 2',$,$,#2493,#2482,$,$);
#2473=IFCCARTESIANPOINTLIST3D(((0.,0.,0.),(0.40000000000000002,0.,0.),(0.40000000000000002,0.40000000000000002,0.),(0.,0.40000000000000002,0.),(0.,0.,3.6000000000000001),(0.40000000000000002,0.,3.6000000000000001),(0.40000000000000002,0.40000000000000002,3.6000000000000001),(0.,0.40000000000000002,3.6000000000000001)));
#2474=IFCINDEXEDPOLYGONALFACE((1,4,3,2));
#2475=IFCINDEXEDPOLYGONALFACE((5,6,7,8));
#2476=IFCINDEXEDPOLYGONALFACE((1,2,6,5));
#2477=IFCINDEXEDPOLYGONALFACE((2,3,7,6));
#2478=IFCINDEXEDPOLYGONALFACE((3,4,8,7));
#2479=IFCINDEXEDPOLYGONALFACE((4,1,5,8));
#2480=IFCPOLYGONALFACESET(#2473,$,(#2474,#2475,#2476,#2477,#2478,#2479),$);
#2481=IFCSHAPEREPRESENTATION(#11,'Body','Tessellation',(#2480));
#2482=IFCPRODUCTDEFINITIONSHAPE($,$,(#2481));
#2483=IFCSTYLEDITEM(#2480,(#32),'Demo column');
#2489=IFCCARTESIANPOINT((-10.,-9.,7.2000000000000002));
#2490=IFCDIRECTION((0.,0.,1.));
#2491=IFCDIRECTION((1.,0.,0.));
#2492=IFCAXIS2PLACEMENT3D(#2489,#2490,#2491);
#2493=IFCLOCALPLACEMENT($,#2492);
#2494=IFCWINDOW('0G2LspKoP7huiRi924JRHq',$,'Level 3 south window 2',$,$,#2515,#2504,$,$,$,$,$,$);
#2495=IFCCARTESIANPOINTLIST3D(((0.,0.,0.),(4.0999999999999996,0.,0.),(4.0999999999999996,0.12,0.),(0.,0.12,0.),(0.,0.,2.1000000000000001),(4.0999999999999996,0.,2.1000000000000001),(4.0999999999999996,0.12,2.1000000000000001),(0.,0.12,2.1000000000000001)));
#2496=IFCINDEXEDPOLYGONALFACE((1,4,3,2));
#2497=IFCINDEXEDPOLYGONALFACE((5,6,7,8));
#2498=IFCINDEXEDPOLYGONALFACE((1,2,6,5));
#2499=IFCINDEXEDPOLYGONALFACE((2,3,7,6));
#2500=IFCINDEXEDPOLYGONALFACE((3,4,8,7));
#2501=IFCINDEXEDPOLYGONALFACE((4,1,5,8));
#2502=IFCPOLYGONALFACESET(#2495,$,(#2496,#2497,#2498,#2499,#2500,#2501),$);
#2503=IFCSHAPEREPRESENTATION(#11,'Body','Tessellation',(#2502));
#2504=IFCPRODUCTDEFINITIONSHAPE($,$,(#2503));
#2505=IFCSTYLEDITEM(#2502,(#35),'Demo glass');
#2511=IFCCARTESIANPOINT((-9.5500000000000007,-8.8800000000000008,8.));
#2512=IFCDIRECTION((0.,0.,1.));
#2513=IFCDIRECTION((1.,0.,0.));
#2514=IFCAXIS2PLACEMENT3D(#2511,#2512,#2513);
#2515=IFCLOCALPLACEMENT($,#2514);
#2516=IFCCOLUMN('0r7YZ5NV93z8OuijibNtO1',$,'Level 3 south pier 3',$,$,#2537,#2526,$,$);
#2517=IFCCARTESIANPOINTLIST3D(((0.,0.,0.),(0.40000000000000002,0.,0.),(0.40000000000000002,0.40000000000000002,0.),(0.,0.40000000000000002,0.),(0.,0.,3.6000000000000001),(0.40000000000000002,0.,3.6000000000000001),(0.40000000000000002,0.40000000000000002,3.6000000000000001),(0.,0.40000000000000002,3.6000000000000001)));
#2518=IFCINDEXEDPOLYGONALFACE((1,4,3,2));
#2519=IFCINDEXEDPOLYGONALFACE((5,6,7,8));
#2520=IFCINDEXEDPOLYGONALFACE((1,2,6,5));
#2521=IFCINDEXEDPOLYGONALFACE((2,3,7,6));
#2522=IFCINDEXEDPOLYGONALFACE((3,4,8,7));
#2523=IFCINDEXEDPOLYGONALFACE((4,1,5,8));
#2524=IFCPOLYGONALFACESET(#2517,$,(#2518,#2519,#2520,#2521,#2522,#2523),$);
#2525=IFCSHAPEREPRESENTATION(#11,'Body','Tessellation',(#2524));
#2526=IFCPRODUCTDEFINITIONSHAPE($,$,(#2525));
#2527=IFCSTYLEDITEM(#2524,(#32),'Demo column');
#2533=IFCCARTESIANPOINT((-5.,-9.,7.2000000000000002));
#2534=IFCDIRECTION((0.,0.,1.));
#2535=IFCDIRECTION((1.,0.,0.));
#2536=IFCAXIS2PLACEMENT3D(#2533,#2534,#2535);
#2537=IFCLOCALPLACEMENT($,#2536);
#2538=IFCWINDOW('01jGdTWUH5dxmdcjTUsIhC',$,'Level 3 south window 3',$,$,#2559,#2548,$,$,$,$,$,$);
#2539=IFCCARTESIANPOINTLIST3D(((0.,0.,0.),(4.0999999999999996,0.,0.),(4.0999999999999996,0.12,0.),(0.,0.12,0.),(0.,0.,2.1000000000000001),(4.0999999999999996,0.,2.1000000000000001),(4.0999999999999996,0.12,2.1000000000000001),(0.,0.12,2.1000000000000001)));
#2540=IFCINDEXEDPOLYGONALFACE((1,4,3,2));
#2541=IFCINDEXEDPOLYGONALFACE((5,6,7,8));
#2542=IFCINDEXEDPOLYGONALFACE((1,2,6,5));
#2543=IFCINDEXEDPOLYGONALFACE((2,3,7,6));
#2544=IFCINDEXEDPOLYGONALFACE((3,4,8,7));
#2545=IFCINDEXEDPOLYGONALFACE((4,1,5,8));
#2546=IFCPOLYGONALFACESET(#2539,$,(#2540,#2541,#2542,#2543,#2544,#2545),$);
#2547=IFCSHAPEREPRESENTATION(#11,'Body','Tessellation',(#2546));
#2548=IFCPRODUCTDEFINITIONSHAPE($,$,(#2547));
#2549=IFCSTYLEDITEM(#2546,(#35),'Demo glass');
#2555=IFCCARTESIANPOINT((-4.5499999999999998,-8.8800000000000008,8.));
#2556=IFCDIRECTION((0.,0.,1.));
#2557=IFCDIRECTION((1.,0.,0.));
#2558=IFCAXIS2PLACEMENT3D(#2555,#2556,#2557);
#2559=IFCLOCALPLACEMENT($,#2558);
#2560=IFCCOLUMN('1ZF0Hz6BD1oe01wJy72kEy',$,'Level 3 south pier 4',$,$,#2581,#2570,$,$);
#2561=IFCCARTESIANPOINTLIST3D(((0.,0.,0.),(0.40000000000000002,0.,0.),(0.40000000000000002,0.40000000000000002,0.),(0.,0.40000000000000002,0.),(0.,0.,3.6000000000000001),(0.40000000000000002,0.,3.6000000000000001),(0.40000000000000002,0.40000000000000002,3.6000000000000001),(0.,0.40000000000000002,3.6000000000000001)));
#2562=IFCINDEXEDPOLYGONALFACE((1,4,3,2));
#2563=IFCINDEXEDPOLYGONALFACE((5,6,7,8));
#2564=IFCINDEXEDPOLYGONALFACE((1,2,6,5));
#2565=IFCINDEXEDPOLYGONALFACE((2,3,7,6));
#2566=IFCINDEXEDPOLYGONALFACE((3,4,8,7));
#2567=IFCINDEXEDPOLYGONALFACE((4,1,5,8));
#2568=IFCPOLYGONALFACESET(#2561,$,(#2562,#2563,#2564,#2565,#2566,#2567),$);
#2569=IFCSHAPEREPRESENTATION(#11,'Body','Tessellation',(#2568));
#2570=IFCPRODUCTDEFINITIONSHAPE($,$,(#2569));
#2571=IFCSTYLEDITEM(#2568,(#32),'Demo column');
#2577=IFCCARTESIANPOINT((0.,-9.,7.2000000000000002));
#2578=IFCDIRECTION((0.,0.,1.));
#2579=IFCDIRECTION((1.,0.,0.));
#2580=IFCAXIS2PLACEMENT3D(#2577,#2578,#2579);
#2581=IFCLOCALPLACEMENT($,#2580);
#2582=IFCWINDOW('0DG7ODp6bFEg1G8lAPv5Aw',$,'Level 3 south window 4',$,$,#2603,#2592,$,$,$,$,$,$);
#2583=IFCCARTESIANPOINTLIST3D(((0.,0.,0.),(4.0999999999999996,0.,0.),(4.0999999999999996,0.12,0.),(0.,0.12,0.),(0.,0.,2.1000000000000001),(4.0999999999999996,0.,2.1000000000000001),(4.0999999999999996,0.12,2.1000000000000001),(0.,0.12,2.1000000000000001)));
#2584=IFCINDEXEDPOLYGONALFACE((1,4,3,2));
#2585=IFCINDEXEDPOLYGONALFACE((5,6,7,8));
#2586=IFCINDEXEDPOLYGONALFACE((1,2,6,5));
#2587=IFCINDEXEDPOLYGONALFACE((2,3,7,6));
#2588=IFCINDEXEDPOLYGONALFACE((3,4,8,7));
#2589=IFCINDEXEDPOLYGONALFACE((4,1,5,8));
#2590=IFCPOLYGONALFACESET(#2583,$,(#2584,#2585,#2586,#2587,#2588,#2589),$);
#2591=IFCSHAPEREPRESENTATION(#11,'Body','Tessellation',(#2590));
#2592=IFCPRODUCTDEFINITIONSHAPE($,$,(#2591));
#2593=IFCSTYLEDITEM(#2590,(#35),'Demo glass');
#2599=IFCCARTESIANPOINT((0.45000000000000001,-8.8800000000000008,8.));
#2600=IFCDIRECTION((0.,0.,1.));
#2601=IFCDIRECTION((1.,0.,0.));
#2602=IFCAXIS2PLACEMENT3D(#2599,#2600,#2601);
#2603=IFCLOCALPLACEMENT($,#2602);
#2604=IFCCOLUMN('0_vXgV2RD7vQ8fFH0kO6uO',$,'Level 3 south pier 5',$,$,#2625,#2614,$,$);
#2605=IFCCARTESIANPOINTLIST3D(((0.,0.,0.),(0.40000000000000002,0.,0.),(0.40000000000000002,0.40000000000000002,0.),(0.,0.40000000000000002,0.),(0.,0.,3.6000000000000001),(0.40000000000000002,0.,3.6000000000000001),(0.40000000000000002,0.40000000000000002,3.6000000000000001),(0.,0.40000000000000002,3.6000000000000001)));
#2606=IFCINDEXEDPOLYGONALFACE((1,4,3,2));
#2607=IFCINDEXEDPOLYGONALFACE((5,6,7,8));
#2608=IFCINDEXEDPOLYGONALFACE((1,2,6,5));
#2609=IFCINDEXEDPOLYGONALFACE((2,3,7,6));
#2610=IFCINDEXEDPOLYGONALFACE((3,4,8,7));
#2611=IFCINDEXEDPOLYGONALFACE((4,1,5,8));
#2612=IFCPOLYGONALFACESET(#2605,$,(#2606,#2607,#2608,#2609,#2610,#2611),$);
#2613=IFCSHAPEREPRESENTATION(#11,'Body','Tessellation',(#2612));
#2614=IFCPRODUCTDEFINITIONSHAPE($,$,(#2613));
#2615=IFCSTYLEDITEM(#2612,(#32),'Demo column');
#2621=IFCCARTESIANPOINT((5.,-9.,7.2000000000000002));
#2622=IFCDIRECTION((0.,0.,1.));
#2623=IFCDIRECTION((1.,0.,0.));
#2624=IFCAXIS2PLACEMENT3D(#2621,#2622,#2623);
#2625=IFCLOCALPLACEMENT($,#2624);
#2626=IFCWINDOW('3fG8w0Lmf34h5p0upB6XgK',$,'Level 3 south window 5',$,$,#2647,#2636,$,$,$,$,$,$);
#2627=IFCCARTESIANPOINTLIST3D(((0.,0.,0.),(4.0999999999999996,0.,0.),(4.0999999999999996,0.12,0.),(0.,0.12,0.),(0.,0.,2.1000000000000001),(4.0999999999999996,0.,2.1000000000000001),(4.0999999999999996,0.12,2.1000000000000001),(0.,0.12,2.1000000000000001)));
#2628=IFCINDEXEDPOLYGONALFACE((1,4,3,2));
#2629=IFCINDEXEDPOLYGONALFACE((5,6,7,8));
#2630=IFCINDEXEDPOLYGONALFACE((1,2,6,5));
#2631=IFCINDEXEDPOLYGONALFACE((2,3,7,6));
#2632=IFCINDEXEDPOLYGONALFACE((3,4,8,7));
#2633=IFCINDEXEDPOLYGONALFACE((4,1,5,8));
#2634=IFCPOLYGONALFACESET(#2627,$,(#2628,#2629,#2630,#2631,#2632,#2633),$);
#2635=IFCSHAPEREPRESENTATION(#11,'Body','Tessellation',(#2634));
#2636=IFCPRODUCTDEFINITIONSHAPE($,$,(#2635));
#2637=IFCSTYLEDITEM(#2634,(#35),'Demo glass');
#2643=IFCCARTESIANPOINT((5.4500000000000002,-8.8800000000000008,8.));
#2644=IFCDIRECTION((0.,0.,1.));
#2645=IFCDIRECTION((1.,0.,0.));
#2646=IFCAXIS2PLACEMENT3D(#2643,#2644,#2645);
#2647=IFCLOCALPLACEMENT($,#2646);
#2648=IFCCOLUMN('1YBMzLanvAhvduZrPQ_Iq4',$,'Level 3 south pier 6',$,$,#2669,#2658,$,$);
#2649=IFCCARTESIANPOINTLIST3D(((0.,0.,0.),(0.40000000000000002,0.,0.),(0.40000000000000002,0.40000000000000002,0.),(0.,0.40000000000000002,0.),(0.,0.,3.6000000000000001),(0.40000000000000002,0.,3.6000000000000001),(0.40000000000000002,0.40000000000000002,3.6000000000000001),(0.,0.40000000000000002,3.6000000000000001)));
#2650=IFCINDEXEDPOLYGONALFACE((1,4,3,2));
#2651=IFCINDEXEDPOLYGONALFACE((5,6,7,8));
#2652=IFCINDEXEDPOLYGONALFACE((1,2,6,5));
#2653=IFCINDEXEDPOLYGONALFACE((2,3,7,6));
#2654=IFCINDEXEDPOLYGONALFACE((3,4,8,7));
#2655=IFCINDEXEDPOLYGONALFACE((4,1,5,8));
#2656=IFCPOLYGONALFACESET(#2649,$,(#2650,#2651,#2652,#2653,#2654,#2655),$);
#2657=IFCSHAPEREPRESENTATION(#11,'Body','Tessellation',(#2656));
#2658=IFCPRODUCTDEFINITIONSHAPE($,$,(#2657));
#2659=IFCSTYLEDITEM(#2656,(#32),'Demo column');
#2665=IFCCARTESIANPOINT((10.,-9.,7.2000000000000002));
#2666=IFCDIRECTION((0.,0.,1.));
#2667=IFCDIRECTION((1.,0.,0.));
#2668=IFCAXIS2PLACEMENT3D(#2665,#2666,#2667);
#2669=IFCLOCALPLACEMENT($,#2668);
#2670=IFCWINDOW('2x29vZB3n6GRb0qej1Y8jq',$,'Level 3 south window 6',$,$,#2691,#2680,$,$,$,$,$,$);
#2671=IFCCARTESIANPOINTLIST3D(((0.,0.,0.),(4.0999999999999996,0.,0.),(4.0999999999999996,0.12,0.),(0.,0.12,0.),(0.,0.,2.1000000000000001),(4.0999999999999996,0.,2.1000000000000001),(4.0999999999999996,0.12,2.1000000000000001),(0.,0.12,2.1000000000000001)));
#2672=IFCINDEXEDPOLYGONALFACE((1,4,3,2));
#2673=IFCINDEXEDPOLYGONALFACE((5,6,7,8));
#2674=IFCINDEXEDPOLYGONALFACE((1,2,6,5));
#2675=IFCINDEXEDPOLYGONALFACE((2,3,7,6));
#2676=IFCINDEXEDPOLYGONALFACE((3,4,8,7));
#2677=IFCINDEXEDPOLYGONALFACE((4,1,5,8));
#2678=IFCPOLYGONALFACESET(#2671,$,(#2672,#2673,#2674,#2675,#2676,#2677),$);
#2679=IFCSHAPEREPRESENTATION(#11,'Body','Tessellation',(#2678));
#2680=IFCPRODUCTDEFINITIONSHAPE($,$,(#2679));
#2681=IFCSTYLEDITEM(#2678,(#35),'Demo glass');
#2687=IFCCARTESIANPOINT((10.449999999999999,-8.8800000000000008,8.));
#2688=IFCDIRECTION((0.,0.,1.));
#2689=IFCDIRECTION((1.,0.,0.));
#2690=IFCAXIS2PLACEMENT3D(#2687,#2688,#2689);
#2691=IFCLOCALPLACEMENT($,#2690);
#2692=IFCWALL('2_EJRTd6v6UBjEcRnRXxPs',$,'Level 3 north sill',$,$,#2713,#2702,$,$);
#2693=IFCCARTESIANPOINTLIST3D(((0.,0.,0.),(30.,0.,0.),(30.,0.29999999999999999,0.),(0.,0.29999999999999999,0.),(0.,0.,0.80000000000000004),(30.,0.,0.80000000000000004),(30.,0.29999999999999999,0.80000000000000004),(0.,0.29999999999999999,0.80000000000000004)));
#2694=IFCINDEXEDPOLYGONALFACE((1,4,3,2));
#2695=IFCINDEXEDPOLYGONALFACE((5,6,7,8));
#2696=IFCINDEXEDPOLYGONALFACE((1,2,6,5));
#2697=IFCINDEXEDPOLYGONALFACE((2,3,7,6));
#2698=IFCINDEXEDPOLYGONALFACE((3,4,8,7));
#2699=IFCINDEXEDPOLYGONALFACE((4,1,5,8));
#2700=IFCPOLYGONALFACESET(#2693,$,(#2694,#2695,#2696,#2697,#2698,#2699),$);
#2701=IFCSHAPEREPRESENTATION(#11,'Body','Tessellation',(#2700));
#2702=IFCPRODUCTDEFINITIONSHAPE($,$,(#2701));
#2703=IFCSTYLEDITEM(#2700,(#29),'Demo wall');
#2709=IFCCARTESIANPOINT((-15.,8.6999999999999993,7.2000000000000002));
#2710=IFCDIRECTION((0.,0.,1.));
#2711=IFCDIRECTION((1.,0.,0.));
#2712=IFCAXIS2PLACEMENT3D(#2709,#2710,#2711);
#2713=IFCLOCALPLACEMENT($,#2712);
#2714=IFCWALL('362qdLqu9DbuB4uy2CtRra',$,'Level 3 north header',$,$,#2735,#2724,$,$);
#2715=IFCCARTESIANPOINTLIST3D(((0.,0.,0.),(30.,0.,0.),(30.,0.29999999999999999,0.),(0.,0.29999999999999999,0.),(0.,0.,0.69999999999999996),(30.,0.,0.69999999999999996),(30.,0.29999999999999999,0.69999999999999996),(0.,0.29999999999999999,0.69999999999999996)));
#2716=IFCINDEXEDPOLYGONALFACE((1,4,3,2));
#2717=IFCINDEXEDPOLYGONALFACE((5,6,7,8));
#2718=IFCINDEXEDPOLYGONALFACE((1,2,6,5));
#2719=IFCINDEXEDPOLYGONALFACE((2,3,7,6));
#2720=IFCINDEXEDPOLYGONALFACE((3,4,8,7));
#2721=IFCINDEXEDPOLYGONALFACE((4,1,5,8));
#2722=IFCPOLYGONALFACESET(#2715,$,(#2716,#2717,#2718,#2719,#2720,#2721),$);
#2723=IFCSHAPEREPRESENTATION(#11,'Body','Tessellation',(#2722));
#2724=IFCPRODUCTDEFINITIONSHAPE($,$,(#2723));
#2725=IFCSTYLEDITEM(#2722,(#29),'Demo wall');
#2731=IFCCARTESIANPOINT((-15.,8.6999999999999993,10.1));
#2732=IFCDIRECTION((0.,0.,1.));
#2733=IFCDIRECTION((1.,0.,0.));
#2734=IFCAXIS2PLACEMENT3D(#2731,#2732,#2733);
#2735=IFCLOCALPLACEMENT($,#2734);
#2736=IFCCOLUMN('1ntRJ_zpTBVP1T2yaYlz7N',$,'Level 3 north pier 1',$,$,#2757,#2746,$,$);
#2737=IFCCARTESIANPOINTLIST3D(((0.,0.,0.),(0.40000000000000002,0.,0.),(0.40000000000000002,0.40000000000000002,0.),(0.,0.40000000000000002,0.),(0.,0.,3.6000000000000001),(0.40000000000000002,0.,3.6000000000000001),(0.40000000000000002,0.40000000000000002,3.6000000000000001),(0.,0.40000000000000002,3.6000000000000001)));
#2738=IFCINDEXEDPOLYGONALFACE((1,4,3,2));
#2739=IFCINDEXEDPOLYGONALFACE((5,6,7,8));
#2740=IFCINDEXEDPOLYGONALFACE((1,2,6,5));
#2741=IFCINDEXEDPOLYGONALFACE((2,3,7,6));
#2742=IFCINDEXEDPOLYGONALFACE((3,4,8,7));
#2743=IFCINDEXEDPOLYGONALFACE((4,1,5,8));
#2744=IFCPOLYGONALFACESET(#2737,$,(#2738,#2739,#2740,#2741,#2742,#2743),$);
#2745=IFCSHAPEREPRESENTATION(#11,'Body','Tessellation',(#2744));
#2746=IFCPRODUCTDEFINITIONSHAPE($,$,(#2745));
#2747=IFCSTYLEDITEM(#2744,(#32),'Demo column');
#2753=IFCCARTESIANPOINT((-15.,8.6999999999999993,7.2000000000000002));
#2754=IFCDIRECTION((0.,0.,1.));
#2755=IFCDIRECTION((1.,0.,0.));
#2756=IFCAXIS2PLACEMENT3D(#2753,#2754,#2755);
#2757=IFCLOCALPLACEMENT($,#2756);
#2758=IFCWINDOW('1VKxC1YUj0$QWz325MAsMJ',$,'Level 3 north window 1',$,$,#2779,#2768,$,$,$,$,$,$);
#2759=IFCCARTESIANPOINTLIST3D(((0.,0.,0.),(4.0999999999999996,0.,0.),(4.0999999999999996,0.12,0.),(0.,0.12,0.),(0.,0.,2.1000000000000001),(4.0999999999999996,0.,2.1000000000000001),(4.0999999999999996,0.12,2.1000000000000001),(0.,0.12,2.1000000000000001)));
#2760=IFCINDEXEDPOLYGONALFACE((1,4,3,2));
#2761=IFCINDEXEDPOLYGONALFACE((5,6,7,8));
#2762=IFCINDEXEDPOLYGONALFACE((1,2,6,5));
#2763=IFCINDEXEDPOLYGONALFACE((2,3,7,6));
#2764=IFCINDEXEDPOLYGONALFACE((3,4,8,7));
#2765=IFCINDEXEDPOLYGONALFACE((4,1,5,8));
#2766=IFCPOLYGONALFACESET(#2759,$,(#2760,#2761,#2762,#2763,#2764,#2765),$);
#2767=IFCSHAPEREPRESENTATION(#11,'Body','Tessellation',(#2766));
#2768=IFCPRODUCTDEFINITIONSHAPE($,$,(#2767));
#2769=IFCSTYLEDITEM(#2766,(#35),'Demo glass');
#2775=IFCCARTESIANPOINT((-14.550000000000001,8.8199999999999985,8.));
#2776=IFCDIRECTION((0.,0.,1.));
#2777=IFCDIRECTION((1.,0.,0.));
#2778=IFCAXIS2PLACEMENT3D(#2775,#2776,#2777);
#2779=IFCLOCALPLACEMENT($,#2778);
#2780=IFCCOLUMN('1Y7h5TMxT1HOem9UzKPX6H',$,'Level 3 north pier 2',$,$,#2801,#2790,$,$);
#2781=IFCCARTESIANPOINTLIST3D(((0.,0.,0.),(0.40000000000000002,0.,0.),(0.40000000000000002,0.40000000000000002,0.),(0.,0.40000000000000002,0.),(0.,0.,3.6000000000000001),(0.40000000000000002,0.,3.6000000000000001),(0.40000000000000002,0.40000000000000002,3.6000000000000001),(0.,0.40000000000000002,3.6000000000000001)));
#2782=IFCINDEXEDPOLYGONALFACE((1,4,3,2));
#2783=IFCINDEXEDPOLYGONALFACE((5,6,7,8));
#2784=IFCINDEXEDPOLYGONALFACE((1,2,6,5));
#2785=IFCINDEXEDPOLYGONALFACE((2,3,7,6));
#2786=IFCINDEXEDPOLYGONALFACE((3,4,8,7));
#2787=IFCINDEXEDPOLYGONALFACE((4,1,5,8));
#2788=IFCPOLYGONALFACESET(#2781,$,(#2782,#2783,#2784,#2785,#2786,#2787),$);
#2789=IFCSHAPEREPRESENTATION(#11,'Body','Tessellation',(#2788));
#2790=IFCPRODUCTDEFINITIONSHAPE($,$,(#2789));
#2791=IFCSTYLEDITEM(#2788,(#32),'Demo column');
#2797=IFCCARTESIANPOINT((-10.,8.6999999999999993,7.2000000000000002));
#2798=IFCDIRECTION((0.,0.,1.));
#2799=IFCDIRECTION((1.,0.,0.));
#2800=IFCAXIS2PLACEMENT3D(#2797,#2798,#2799);
#2801=IFCLOCALPLACEMENT($,#2800);
#2802=IFCWINDOW('3fpwlf2_TCmQ3LGH3xbFQj',$,'Level 3 north window 2',$,$,#2823,#2812,$,$,$,$,$,$);
#2803=IFCCARTESIANPOINTLIST3D(((0.,0.,0.),(4.0999999999999996,0.,0.),(4.0999999999999996,0.12,0.),(0.,0.12,0.),(0.,0.,2.1000000000000001),(4.0999999999999996,0.,2.1000000000000001),(4.0999999999999996,0.12,2.1000000000000001),(0.,0.12,2.1000000000000001)));
#2804=IFCINDEXEDPOLYGONALFACE((1,4,3,2));
#2805=IFCINDEXEDPOLYGONALFACE((5,6,7,8));
#2806=IFCINDEXEDPOLYGONALFACE((1,2,6,5));
#2807=IFCINDEXEDPOLYGONALFACE((2,3,7,6));
#2808=IFCINDEXEDPOLYGONALFACE((3,4,8,7));
#2809=IFCINDEXEDPOLYGONALFACE((4,1,5,8));
#2810=IFCPOLYGONALFACESET(#2803,$,(#2804,#2805,#2806,#2807,#2808,#2809),$);
#2811=IFCSHAPEREPRESENTATION(#11,'Body','Tessellation',(#2810));
#2812=IFCPRODUCTDEFINITIONSHAPE($,$,(#2811));
#2813=IFCSTYLEDITEM(#2810,(#35),'Demo glass');
#2819=IFCCARTESIANPOINT((-9.5500000000000007,8.8199999999999985,8.));
#2820=IFCDIRECTION((0.,0.,1.));
#2821=IFCDIRECTION((1.,0.,0.));
#2822=IFCAXIS2PLACEMENT3D(#2819,#2820,#2821);
#2823=IFCLOCALPLACEMENT($,#2822);
#2824=IFCCOLUMN('1wMXXzqgf7sfTW1oWWBhG6',$,'Level 3 north pier 3',$,$,#2845,#2834,$,$);
#2825=IFCCARTESIANPOINTLIST3D(((0.,0.,0.),(0.40000000000000002,0.,0.),(0.40000000000000002,0.40000000000000002,0.),(0.,0.40000000000000002,0.),(0.,0.,3.6000000000000001),(0.40000000000000002,0.,3.6000000000000001),(0.40000000000000002,0.40000000000000002,3.6000000000000001),(0.,0.40000000000000002,3.6000000000000001)));
#2826=IFCINDEXEDPOLYGONALFACE((1,4,3,2));
#2827=IFCINDEXEDPOLYGONALFACE((5,6,7,8));
#2828=IFCINDEXEDPOLYGONALFACE((1,2,6,5));
#2829=IFCINDEXEDPOLYGONALFACE((2,3,7,6));
#2830=IFCINDEXEDPOLYGONALFACE((3,4,8,7));
#2831=IFCINDEXEDPOLYGONALFACE((4,1,5,8));
#2832=IFCPOLYGONALFACESET(#2825,$,(#2826,#2827,#2828,#2829,#2830,#2831),$);
#2833=IFCSHAPEREPRESENTATION(#11,'Body','Tessellation',(#2832));
#2834=IFCPRODUCTDEFINITIONSHAPE($,$,(#2833));
#2835=IFCSTYLEDITEM(#2832,(#32),'Demo column');
#2841=IFCCARTESIANPOINT((-5.,8.6999999999999993,7.2000000000000002));
#2842=IFCDIRECTION((0.,0.,1.));
#2843=IFCDIRECTION((1.,0.,0.));
#2844=IFCAXIS2PLACEMENT3D(#2841,#2842,#2843);
#2845=IFCLOCALPLACEMENT($,#2844);
#2846=IFCWINDOW('2CgBkVounBfuZ8ERX8Z4Hq',$,'Level 3 north window 3',$,$,#2867,#2856,$,$,$,$,$,$);
#2847=IFCCARTESIANPOINTLIST3D(((0.,0.,0.),(4.0999999999999996,0.,0.),(4.0999999999999996,0.12,0.),(0.,0.12,0.),(0.,0.,2.1000000000000001),(4.0999999999999996,0.,2.1000000000000001),(4.0999999999999996,0.12,2.1000000000000001),(0.,0.12,2.1000000000000001)));
#2848=IFCINDEXEDPOLYGONALFACE((1,4,3,2));
#2849=IFCINDEXEDPOLYGONALFACE((5,6,7,8));
#2850=IFCINDEXEDPOLYGONALFACE((1,2,6,5));
#2851=IFCINDEXEDPOLYGONALFACE((2,3,7,6));
#2852=IFCINDEXEDPOLYGONALFACE((3,4,8,7));
#2853=IFCINDEXEDPOLYGONALFACE((4,1,5,8));
#2854=IFCPOLYGONALFACESET(#2847,$,(#2848,#2849,#2850,#2851,#2852,#2853),$);
#2855=IFCSHAPEREPRESENTATION(#11,'Body','Tessellation',(#2854));
#2856=IFCPRODUCTDEFINITIONSHAPE($,$,(#2855));
#2857=IFCSTYLEDITEM(#2854,(#35),'Demo glass');
#2863=IFCCARTESIANPOINT((-4.5499999999999998,8.8199999999999985,8.));
#2864=IFCDIRECTION((0.,0.,1.));
#2865=IFCDIRECTION((1.,0.,0.));
#2866=IFCAXIS2PLACEMENT3D(#2863,#2864,#2865);
#2867=IFCLOCALPLACEMENT($,#2866);
#2868=IFCCOLUMN('3qdCkUJ2XEPucGAkpArvUw',$,'Level 3 north pier 4',$,$,#2889,#2878,$,$);
#2869=IFCCARTESIANPOINTLIST3D(((0.,0.,0.),(0.40000000000000002,0.,0.),(0.40000000000000002,0.40000000000000002,0.),(0.,0.40000000000000002,0.),(0.,0.,3.6000000000000001),(0.40000000000000002,0.,3.6000000000000001),(0.40000000000000002,0.40000000000000002,3.6000000000000001),(0.,0.40000000000000002,3.6000000000000001)));
#2870=IFCINDEXEDPOLYGONALFACE((1,4,3,2));
#2871=IFCINDEXEDPOLYGONALFACE((5,6,7,8));
#2872=IFCINDEXEDPOLYGONALFACE((1,2,6,5));
#2873=IFCINDEXEDPOLYGONALFACE((2,3,7,6));
#2874=IFCINDEXEDPOLYGONALFACE((3,4,8,7));
#2875=IFCINDEXEDPOLYGONALFACE((4,1,5,8));
#2876=IFCPOLYGONALFACESET(#2869,$,(#2870,#2871,#2872,#2873,#2874,#2875),$);
#2877=IFCSHAPEREPRESENTATION(#11,'Body','Tessellation',(#2876));
#2878=IFCPRODUCTDEFINITIONSHAPE($,$,(#2877));
#2879=IFCSTYLEDITEM(#2876,(#32),'Demo column');
#2885=IFCCARTESIANPOINT((0.,8.6999999999999993,7.2000000000000002));
#2886=IFCDIRECTION((0.,0.,1.));
#2887=IFCDIRECTION((1.,0.,0.));
#2888=IFCAXIS2PLACEMENT3D(#2885,#2886,#2887);
#2889=IFCLOCALPLACEMENT($,#2888);
#2890=IFCWINDOW('0_ti5WtxX5MReHmNGeGjCs',$,'Level 3 north window 4',$,$,#2911,#2900,$,$,$,$,$,$);
#2891=IFCCARTESIANPOINTLIST3D(((0.,0.,0.),(4.0999999999999996,0.,0.),(4.0999999999999996,0.12,0.),(0.,0.12,0.),(0.,0.,2.1000000000000001),(4.0999999999999996,0.,2.1000000000000001),(4.0999999999999996,0.12,2.1000000000000001),(0.,0.12,2.1000000000000001)));
#2892=IFCINDEXEDPOLYGONALFACE((1,4,3,2));
#2893=IFCINDEXEDPOLYGONALFACE((5,6,7,8));
#2894=IFCINDEXEDPOLYGONALFACE((1,2,6,5));
#2895=IFCINDEXEDPOLYGONALFACE((2,3,7,6));
#2896=IFCINDEXEDPOLYGONALFACE((3,4,8,7));
#2897=IFCINDEXEDPOLYGONALFACE((4,1,5,8));
#2898=IFCPOLYGONALFACESET(#2891,$,(#2892,#2893,#2894,#2895,#2896,#2897),$);
#2899=IFCSHAPEREPRESENTATION(#11,'Body','Tessellation',(#2898));
#2900=IFCPRODUCTDEFINITIONSHAPE($,$,(#2899));
#2901=IFCSTYLEDITEM(#2898,(#35),'Demo glass');
#2907=IFCCARTESIANPOINT((0.45000000000000001,8.8199999999999985,8.));
#2908=IFCDIRECTION((0.,0.,1.));
#2909=IFCDIRECTION((1.,0.,0.));
#2910=IFCAXIS2PLACEMENT3D(#2907,#2908,#2909);
#2911=IFCLOCALPLACEMENT($,#2910);
#2912=IFCCOLUMN('2YAP7aVt1CvPX1t6bZbTQq',$,'Level 3 north pier 5',$,$,#2933,#2922,$,$);
#2913=IFCCARTESIANPOINTLIST3D(((0.,0.,0.),(0.40000000000000002,0.,0.),(0.40000000000000002,0.40000000000000002,0.),(0.,0.40000000000000002,0.),(0.,0.,3.6000000000000001),(0.40000000000000002,0.,3.6000000000000001),(0.40000000000000002,0.40000000000000002,3.6000000000000001),(0.,0.40000000000000002,3.6000000000000001)));
#2914=IFCINDEXEDPOLYGONALFACE((1,4,3,2));
#2915=IFCINDEXEDPOLYGONALFACE((5,6,7,8));
#2916=IFCINDEXEDPOLYGONALFACE((1,2,6,5));
#2917=IFCINDEXEDPOLYGONALFACE((2,3,7,6));
#2918=IFCINDEXEDPOLYGONALFACE((3,4,8,7));
#2919=IFCINDEXEDPOLYGONALFACE((4,1,5,8));
#2920=IFCPOLYGONALFACESET(#2913,$,(#2914,#2915,#2916,#2917,#2918,#2919),$);
#2921=IFCSHAPEREPRESENTATION(#11,'Body','Tessellation',(#2920));
#2922=IFCPRODUCTDEFINITIONSHAPE($,$,(#2921));
#2923=IFCSTYLEDITEM(#2920,(#32),'Demo column');
#2929=IFCCARTESIANPOINT((5.,8.6999999999999993,7.2000000000000002));
#2930=IFCDIRECTION((0.,0.,1.));
#2931=IFCDIRECTION((1.,0.,0.));
#2932=IFCAXIS2PLACEMENT3D(#2929,#2930,#2931);
#2933=IFCLOCALPLACEMENT($,#2932);
#2934=IFCWINDOW('0gU5WAaUj7TfFtBUhvAgdy',$,'Level 3 north window 5',$,$,#2955,#2944,$,$,$,$,$,$);
#2935=IFCCARTESIANPOINTLIST3D(((0.,0.,0.),(4.0999999999999996,0.,0.),(4.0999999999999996,0.12,0.),(0.,0.12,0.),(0.,0.,2.1000000000000001),(4.0999999999999996,0.,2.1000000000000001),(4.0999999999999996,0.12,2.1000000000000001),(0.,0.12,2.1000000000000001)));
#2936=IFCINDEXEDPOLYGONALFACE((1,4,3,2));
#2937=IFCINDEXEDPOLYGONALFACE((5,6,7,8));
#2938=IFCINDEXEDPOLYGONALFACE((1,2,6,5));
#2939=IFCINDEXEDPOLYGONALFACE((2,3,7,6));
#2940=IFCINDEXEDPOLYGONALFACE((3,4,8,7));
#2941=IFCINDEXEDPOLYGONALFACE((4,1,5,8));
#2942=IFCPOLYGONALFACESET(#2935,$,(#2936,#2937,#2938,#2939,#2940,#2941),$);
#2943=IFCSHAPEREPRESENTATION(#11,'Body','Tessellation',(#2942));
#2944=IFCPRODUCTDEFINITIONSHAPE($,$,(#2943));
#2945=IFCSTYLEDITEM(#2942,(#35),'Demo glass');
#2951=IFCCARTESIANPOINT((5.4500000000000002,8.8199999999999985,8.));
#2952=IFCDIRECTION((0.,0.,1.));
#2953=IFCDIRECTION((1.,0.,0.));
#2954=IFCAXIS2PLACEMENT3D(#2951,#2952,#2953);
#2955=IFCLOCALPLACEMENT($,#2954);
#2956=IFCCOLUMN('0WR1FZz9zEOQGGA$EDwGo1',$,'Level 3 north pier 6',$,$,#2977,#2966,$,$);
#2957=IFCCARTESIANPOINTLIST3D(((0.,0.,0.),(0.40000000000000002,0.,0.),(0.40000000000000002,0.40000000000000002,0.),(0.,0.40000000000000002,0.),(0.,0.,3.6000000000000001),(0.40000000000000002,0.,3.6000000000000001),(0.40000000000000002,0.40000000000000002,3.6000000000000001),(0.,0.40000000000000002,3.6000000000000001)));
#2958=IFCINDEXEDPOLYGONALFACE((1,4,3,2));
#2959=IFCINDEXEDPOLYGONALFACE((5,6,7,8));
#2960=IFCINDEXEDPOLYGONALFACE((1,2,6,5));
#2961=IFCINDEXEDPOLYGONALFACE((2,3,7,6));
#2962=IFCINDEXEDPOLYGONALFACE((3,4,8,7));
#2963=IFCINDEXEDPOLYGONALFACE((4,1,5,8));
#2964=IFCPOLYGONALFACESET(#2957,$,(#2958,#2959,#2960,#2961,#2962,#2963),$);
#2965=IFCSHAPEREPRESENTATION(#11,'Body','Tessellation',(#2964));
#2966=IFCPRODUCTDEFINITIONSHAPE($,$,(#2965));
#2967=IFCSTYLEDITEM(#2964,(#32),'Demo column');
#2973=IFCCARTESIANPOINT((10.,8.6999999999999993,7.2000000000000002));
#2974=IFCDIRECTION((0.,0.,1.));
#2975=IFCDIRECTION((1.,0.,0.));
#2976=IFCAXIS2PLACEMENT3D(#2973,#2974,#2975);
#2977=IFCLOCALPLACEMENT($,#2976);
#2978=IFCWINDOW('21RsKjw1LC_vj4jkHN7U2Y',$,'Level 3 north window 6',$,$,#2999,#2988,$,$,$,$,$,$);
#2979=IFCCARTESIANPOINTLIST3D(((0.,0.,0.),(4.0999999999999996,0.,0.),(4.0999999999999996,0.12,0.),(0.,0.12,0.),(0.,0.,2.1000000000000001),(4.0999999999999996,0.,2.1000000000000001),(4.0999999999999996,0.12,2.1000000000000001),(0.,0.12,2.1000000000000001)));
#2980=IFCINDEXEDPOLYGONALFACE((1,4,3,2));
#2981=IFCINDEXEDPOLYGONALFACE((5,6,7,8));
#2982=IFCINDEXEDPOLYGONALFACE((1,2,6,5));
#2983=IFCINDEXEDPOLYGONALFACE((2,3,7,6));
#2984=IFCINDEXEDPOLYGONALFACE((3,4,8,7));
#2985=IFCINDEXEDPOLYGONALFACE((4,1,5,8));
#2986=IFCPOLYGONALFACESET(#2979,$,(#2980,#2981,#2982,#2983,#2984,#2985),$);
#2987=IFCSHAPEREPRESENTATION(#11,'Body','Tessellation',(#2986));
#2988=IFCPRODUCTDEFINITIONSHAPE($,$,(#2987));
#2989=IFCSTYLEDITEM(#2986,(#35),'Demo glass');
#2995=IFCCARTESIANPOINT((10.449999999999999,8.8199999999999985,8.));
#2996=IFCDIRECTION((0.,0.,1.));
#2997=IFCDIRECTION((1.,0.,0.));
#2998=IFCAXIS2PLACEMENT3D(#2995,#2996,#2997);
#2999=IFCLOCALPLACEMENT($,#2998);
#3000=IFCWALL('2wXKrSaFL2xQVUCmhBsW97',$,'Level 3 west sill',$,$,#3021,#3010,$,$);
#3001=IFCCARTESIANPOINTLIST3D(((0.,0.,0.),(0.29999999999999999,0.,0.),(0.29999999999999999,18.,0.),(0.,18.,0.),(0.,0.,0.80000000000000004),(0.29999999999999999,0.,0.80000000000000004),(0.29999999999999999,18.,0.80000000000000004),(0.,18.,0.80000000000000004)));
#3002=IFCINDEXEDPOLYGONALFACE((1,4,3,2));
#3003=IFCINDEXEDPOLYGONALFACE((5,6,7,8));
#3004=IFCINDEXEDPOLYGONALFACE((1,2,6,5));
#3005=IFCINDEXEDPOLYGONALFACE((2,3,7,6));
#3006=IFCINDEXEDPOLYGONALFACE((3,4,8,7));
#3007=IFCINDEXEDPOLYGONALFACE((4,1,5,8));
#3008=IFCPOLYGONALFACESET(#3001,$,(#3002,#3003,#3004,#3005,#3006,#3007),$);
#3009=IFCSHAPEREPRESENTATION(#11,'Body','Tessellation',(#3008));
#3010=IFCPRODUCTDEFINITIONSHAPE($,$,(#3009));
#3011=IFCSTYLEDITEM(#3008,(#29),'Demo wall');
#3017=IFCCARTESIANPOINT((-15.,-9.,7.2000000000000002));
#3018=IFCDIRECTION((0.,0.,1.));
#3019=IFCDIRECTION((1.,0.,0.));
#3020=IFCAXIS2PLACEMENT3D(#3017,#3018,#3019);
#3021=IFCLOCALPLACEMENT($,#3020);
#3022=IFCWALL('1oBfsCfw55HRqFGg0tA559',$,'Level 3 west header',$,$,#3043,#3032,$,$);
#3023=IFCCARTESIANPOINTLIST3D(((0.,0.,0.),(0.29999999999999999,0.,0.),(0.29999999999999999,18.,0.),(0.,18.,0.),(0.,0.,0.69999999999999996),(0.29999999999999999,0.,0.69999999999999996),(0.29999999999999999,18.,0.69999999999999996),(0.,18.,0.69999999999999996)));
#3024=IFCINDEXEDPOLYGONALFACE((1,4,3,2));
#3025=IFCINDEXEDPOLYGONALFACE((5,6,7,8));
#3026=IFCINDEXEDPOLYGONALFACE((1,2,6,5));
#3027=IFCINDEXEDPOLYGONALFACE((2,3,7,6));
#3028=IFCINDEXEDPOLYGONALFACE((3,4,8,7));
#3029=IFCINDEXEDPOLYGONALFACE((4,1,5,8));
#3030=IFCPOLYGONALFACESET(#3023,$,(#3024,#3025,#3026,#3027,#3028,#3029),$);
#3031=IFCSHAPEREPRESENTATION(#11,'Body','Tessellation',(#3030));
#3032=IFCPRODUCTDEFINITIONSHAPE($,$,(#3031));
#3033=IFCSTYLEDITEM(#3030,(#29),'Demo wall');
#3039=IFCCARTESIANPOINT((-15.,-9.,10.1));
#3040=IFCDIRECTION((0.,0.,1.));
#3041=IFCDIRECTION((1.,0.,0.));
#3042=IFCAXIS2PLACEMENT3D(#3039,#3040,#3041);
#3043=IFCLOCALPLACEMENT($,#3042);
#3044=IFCCOLUMN('2anvu$RADDtBH1raw$O3IU',$,'Level 3 west pier 1',$,$,#3065,#3054,$,$);
#3045=IFCCARTESIANPOINTLIST3D(((0.,0.,0.),(0.40000000000000002,0.,0.),(0.40000000000000002,0.40000000000000002,0.),(0.,0.40000000000000002,0.),(0.,0.,3.6000000000000001),(0.40000000000000002,0.,3.6000000000000001),(0.40000000000000002,0.40000000000000002,3.6000000000000001),(0.,0.40000000000000002,3.6000000000000001)));
#3046=IFCINDEXEDPOLYGONALFACE((1,4,3,2));
#3047=IFCINDEXEDPOLYGONALFACE((5,6,7,8));
#3048=IFCINDEXEDPOLYGONALFACE((1,2,6,5));
#3049=IFCINDEXEDPOLYGONALFACE((2,3,7,6));
#3050=IFCINDEXEDPOLYGONALFACE((3,4,8,7));
#3051=IFCINDEXEDPOLYGONALFACE((4,1,5,8));
#3052=IFCPOLYGONALFACESET(#3045,$,(#3046,#3047,#3048,#3049,#3050,#3051),$);
#3053=IFCSHAPEREPRESENTATION(#11,'Body','Tessellation',(#3052));
#3054=IFCPRODUCTDEFINITIONSHAPE($,$,(#3053));
#3055=IFCSTYLEDITEM(#3052,(#32),'Demo column');
#3061=IFCCARTESIANPOINT((-15.,-9.,7.2000000000000002));
#3062=IFCDIRECTION((0.,0.,1.));
#3063=IFCDIRECTION((1.,0.,0.));
#3064=IFCAXIS2PLACEMENT3D(#3061,#3062,#3063);
#3065=IFCLOCALPLACEMENT($,#3064);
#3066=IFCWINDOW('0arIvScarAcgiux711HexE',$,'Level 3 west window 1',$,$,#3087,#3076,$,$,$,$,$,$);
#3067=IFCCARTESIANPOINTLIST3D(((0.,0.,0.),(0.12,0.,0.),(0.12,5.0999999999999996,0.),(0.,5.0999999999999996,0.),(0.,0.,2.1000000000000001),(0.12,0.,2.1000000000000001),(0.12,5.0999999999999996,2.1000000000000001),(0.,5.0999999999999996,2.1000000000000001)));
#3068=IFCINDEXEDPOLYGONALFACE((1,4,3,2));
#3069=IFCINDEXEDPOLYGONALFACE((5,6,7,8));
#3070=IFCINDEXEDPOLYGONALFACE((1,2,6,5));
#3071=IFCINDEXEDPOLYGONALFACE((2,3,7,6));
#3072=IFCINDEXEDPOLYGONALFACE((3,4,8,7));
#3073=IFCINDEXEDPOLYGONALFACE((4,1,5,8));
#3074=IFCPOLYGONALFACESET(#3067,$,(#3068,#3069,#3070,#3071,#3072,#3073),$);
#3075=IFCSHAPEREPRESENTATION(#11,'Body','Tessellation',(#3074));
#3076=IFCPRODUCTDEFINITIONSHAPE($,$,(#3075));
#3077=IFCSTYLEDITEM(#3074,(#35),'Demo glass');
#3083=IFCCARTESIANPOINT((-14.880000000000001,-8.5500000000000007,8.));
#3084=IFCDIRECTION((0.,0.,1.));
#3085=IFCDIRECTION((1.,0.,0.));
#3086=IFCAXIS2PLACEMENT3D(#3083,#3084,#3085);
#3087=IFCLOCALPLACEMENT($,#3086);
#3088=IFCCOLUMN('1V3BbPl0z9yQEgmmBkfSR8',$,'Level 3 west pier 2',$,$,#3109,#3098,$,$);
#3089=IFCCARTESIANPOINTLIST3D(((0.,0.,0.),(0.40000000000000002,0.,0.),(0.40000000000000002,0.40000000000000002,0.),(0.,0.40000000000000002,0.),(0.,0.,3.6000000000000001),(0.40000000000000002,0.,3.6000000000000001),(0.40000000000000002,0.40000000000000002,3.6000000000000001),(0.,0.40000000000000002,3.6000000000000001)));
#3090=IFCINDEXEDPOLYGONALFACE((1,4,3,2));
#3091=IFCINDEXEDPOLYGONALFACE((5,6,7,8));
#3092=IFCINDEXEDPOLYGONALFACE((1,2,6,5));
#3093=IFCINDEXEDPOLYGONALFACE((2,3,7,6));
#3094=IFCINDEXEDPOLYGONALFACE((3,4,8,7));
#3095=IFCINDEXEDPOLYGONALFACE((4,1,5,8));
#3096=IFCPOLYGONALFACESET(#3089,$,(#3090,#3091,#3092,#3093,#3094,#3095),$);
#3097=IFCSHAPEREPRESENTATION(#11,'Body','Tessellation',(#3096));
#3098=IFCPRODUCTDEFINITIONSHAPE($,$,(#3097));
#3099=IFCSTYLEDITEM(#3096,(#32),'Demo column');
#3105=IFCCARTESIANPOINT((-15.,-3.,7.2000000000000002));
#3106=IFCDIRECTION((0.,0.,1.));
#3107=IFCDIRECTION((1.,0.,0.));
#3108=IFCAXIS2PLACEMENT3D(#3105,#3106,#3107);
#3109=IFCLOCALPLACEMENT($,#3108);
#3110=IFCWINDOW('1fyWwaVwPFbwFgcfNWVSME',$,'Level 3 west window 2',$,$,#3131,#3120,$,$,$,$,$,$);
#3111=IFCCARTESIANPOINTLIST3D(((0.,0.,0.),(0.12,0.,0.),(0.12,5.0999999999999996,0.),(0.,5.0999999999999996,0.),(0.,0.,2.1000000000000001),(0.12,0.,2.1000000000000001),(0.12,5.0999999999999996,2.1000000000000001),(0.,5.0999999999999996,2.1000000000000001)));
#3112=IFCINDEXEDPOLYGONALFACE((1,4,3,2));
#3113=IFCINDEXEDPOLYGONALFACE((5,6,7,8));
#3114=IFCINDEXEDPOLYGONALFACE((1,2,6,5));
#3115=IFCINDEXEDPOLYGONALFACE((2,3,7,6));
#3116=IFCINDEXEDPOLYGONALFACE((3,4,8,7));
#3117=IFCINDEXEDPOLYGONALFACE((4,1,5,8));
#3118=IFCPOLYGONALFACESET(#3111,$,(#3112,#3113,#3114,#3115,#3116,#3117),$);
#3119=IFCSHAPEREPRESENTATION(#11,'Body','Tessellation',(#3118));
#3120=IFCPRODUCTDEFINITIONSHAPE($,$,(#3119));
#3121=IFCSTYLEDITEM(#3118,(#35),'Demo glass');
#3127=IFCCARTESIANPOINT((-14.880000000000001,-2.5499999999999998,8.));
#3128=IFCDIRECTION((0.,0.,1.));
#3129=IFCDIRECTION((1.,0.,0.));
#3130=IFCAXIS2PLACEMENT3D(#3127,#3128,#3129);
#3131=IFCLOCALPLACEMENT($,#3130);
#3132=IFCCOLUMN('24BnHk1f58uQoSK$Oonv5k',$,'Level 3 west pier 3',$,$,#3153,#3142,$,$);
#3133=IFCCARTESIANPOINTLIST3D(((0.,0.,0.),(0.40000000000000002,0.,0.),(0.40000000000000002,0.40000000000000002,0.),(0.,0.40000000000000002,0.),(0.,0.,3.6000000000000001),(0.40000000000000002,0.,3.6000000000000001),(0.40000000000000002,0.40000000000000002,3.6000000000000001),(0.,0.40000000000000002,3.6000000000000001)));
#3134=IFCINDEXEDPOLYGONALFACE((1,4,3,2));
#3135=IFCINDEXEDPOLYGONALFACE((5,6,7,8));
#3136=IFCINDEXEDPOLYGONALFACE((1,2,6,5));
#3137=IFCINDEXEDPOLYGONALFACE((2,3,7,6));
#3138=IFCINDEXEDPOLYGONALFACE((3,4,8,7));
#3139=IFCINDEXEDPOLYGONALFACE((4,1,5,8));
#3140=IFCPOLYGONALFACESET(#3133,$,(#3134,#3135,#3136,#3137,#3138,#3139),$);
#3141=IFCSHAPEREPRESENTATION(#11,'Body','Tessellation',(#3140));
#3142=IFCPRODUCTDEFINITIONSHAPE($,$,(#3141));
#3143=IFCSTYLEDITEM(#3140,(#32),'Demo column');
#3149=IFCCARTESIANPOINT((-15.,3.,7.2000000000000002));
#3150=IFCDIRECTION((0.,0.,1.));
#3151=IFCDIRECTION((1.,0.,0.));
#3152=IFCAXIS2PLACEMENT3D(#3149,#3150,#3151);
#3153=IFCLOCALPLACEMENT($,#3152);
#3154=IFCWINDOW('311$z6Lmz8mgzcDDw6iU$q',$,'Level 3 west window 3',$,$,#3175,#3164,$,$,$,$,$,$);
#3155=IFCCARTESIANPOINTLIST3D(((0.,0.,0.),(0.12,0.,0.),(0.12,5.0999999999999996,0.),(0.,5.0999999999999996,0.),(0.,0.,2.1000000000000001),(0.12,0.,2.1000000000000001),(0.12,5.0999999999999996,2.1000000000000001),(0.,5.0999999999999996,2.1000000000000001)));
#3156=IFCINDEXEDPOLYGONALFACE((1,4,3,2));
#3157=IFCINDEXEDPOLYGONALFACE((5,6,7,8));
#3158=IFCINDEXEDPOLYGONALFACE((1,2,6,5));
#3159=IFCINDEXEDPOLYGONALFACE((2,3,7,6));
#3160=IFCINDEXEDPOLYGONALFACE((3,4,8,7));
#3161=IFCINDEXEDPOLYGONALFACE((4,1,5,8));
#3162=IFCPOLYGONALFACESET(#3155,$,(#3156,#3157,#3158,#3159,#3160,#3161),$);
#3163=IFCSHAPEREPRESENTATION(#11,'Body','Tessellation',(#3162));
#3164=IFCPRODUCTDEFINITIONSHAPE($,$,(#3163));
#3165=IFCSTYLEDITEM(#3162,(#35),'Demo glass');
#3171=IFCCARTESIANPOINT((-14.880000000000001,3.4500000000000002,8.));
#3172=IFCDIRECTION((0.,0.,1.));
#3173=IFCDIRECTION((1.,0.,0.));
#3174=IFCAXIS2PLACEMENT3D(#3171,#3172,#3173);
#3175=IFCLOCALPLACEMENT($,#3174);
#3176=IFCWALL('1MsmgFKuLBBQZnt$fttq3A',$,'Level 3 east sill',$,$,#3197,#3186,$,$);
#3177=IFCCARTESIANPOINTLIST3D(((0.,0.,0.),(0.29999999999999999,0.,0.),(0.29999999999999999,18.,0.),(0.,18.,0.),(0.,0.,0.80000000000000004),(0.29999999999999999,0.,0.80000000000000004),(0.29999999999999999,18.,0.80000000000000004),(0.,18.,0.80000000000000004)));
#3178=IFCINDEXEDPOLYGONALFACE((1,4,3,2));
#3179=IFCINDEXEDPOLYGONALFACE((5,6,7,8));
#3180=IFCINDEXEDPOLYGONALFACE((1,2,6,5));
#3181=IFCINDEXEDPOLYGONALFACE((2,3,7,6));
#3182=IFCINDEXEDPOLYGONALFACE((3,4,8,7));
#3183=IFCINDEXEDPOLYGONALFACE((4,1,5,8));
#3184=IFCPOLYGONALFACESET(#3177,$,(#3178,#3179,#3180,#3181,#3182,#3183),$);
#3185=IFCSHAPEREPRESENTATION(#11,'Body','Tessellation',(#3184));
#3186=IFCPRODUCTDEFINITIONSHAPE($,$,(#3185));
#3187=IFCSTYLEDITEM(#3184,(#29),'Demo wall');
#3193=IFCCARTESIANPOINT((14.699999999999999,-9.,7.2000000000000002));
#3194=IFCDIRECTION((0.,0.,1.));
#3195=IFCDIRECTION((1.,0.,0.));
#3196=IFCAXIS2PLACEMENT3D(#3193,#3194,#3195);
#3197=IFCLOCALPLACEMENT($,#3196);
#3198=IFCWALL('1w0x_EmlX3_vPyWRyymZ8n',$,'Level 3 east header',$,$,#3219,#3208,$,$);
#3199=IFCCARTESIANPOINTLIST3D(((0.,0.,0.),(0.29999999999999999,0.,0.),(0.29999999999999999,18.,0.),(0.,18.,0.),(0.,0.,0.69999999999999996),(0.29999999999999999,0.,0.69999999999999996),(0.29999999999999999,18.,0.69999999999999996),(0.,18.,0.69999999999999996)));
#3200=IFCINDEXEDPOLYGONALFACE((1,4,3,2));
#3201=IFCINDEXEDPOLYGONALFACE((5,6,7,8));
#3202=IFCINDEXEDPOLYGONALFACE((1,2,6,5));
#3203=IFCINDEXEDPOLYGONALFACE((2,3,7,6));
#3204=IFCINDEXEDPOLYGONALFACE((3,4,8,7));
#3205=IFCINDEXEDPOLYGONALFACE((4,1,5,8));
#3206=IFCPOLYGONALFACESET(#3199,$,(#3200,#3201,#3202,#3203,#3204,#3205),$);
#3207=IFCSHAPEREPRESENTATION(#11,'Body','Tessellation',(#3206));
#3208=IFCPRODUCTDEFINITIONSHAPE($,$,(#3207));
#3209=IFCSTYLEDITEM(#3206,(#29),'Demo wall');
#3215=IFCCARTESIANPOINT((14.699999999999999,-9.,10.1));
#3216=IFCDIRECTION((0.,0.,1.));
#3217=IFCDIRECTION((1.,0.,0.));
#3218=IFCAXIS2PLACEMENT3D(#3215,#3216,#3217);
#3219=IFCLOCALPLACEMENT($,#3218);
#3220=IFCCOLUMN('09k2_JQ4jEtAfyjpp_7kBb',$,'Level 3 east pier 1',$,$,#3241,#3230,$,$);
#3221=IFCCARTESIANPOINTLIST3D(((0.,0.,0.),(0.40000000000000002,0.,0.),(0.40000000000000002,0.40000000000000002,0.),(0.,0.40000000000000002,0.),(0.,0.,3.6000000000000001),(0.40000000000000002,0.,3.6000000000000001),(0.40000000000000002,0.40000000000000002,3.6000000000000001),(0.,0.40000000000000002,3.6000000000000001)));
#3222=IFCINDEXEDPOLYGONALFACE((1,4,3,2));
#3223=IFCINDEXEDPOLYGONALFACE((5,6,7,8));
#3224=IFCINDEXEDPOLYGONALFACE((1,2,6,5));
#3225=IFCINDEXEDPOLYGONALFACE((2,3,7,6));
#3226=IFCINDEXEDPOLYGONALFACE((3,4,8,7));
#3227=IFCINDEXEDPOLYGONALFACE((4,1,5,8));
#3228=IFCPOLYGONALFACESET(#3221,$,(#3222,#3223,#3224,#3225,#3226,#3227),$);
#3229=IFCSHAPEREPRESENTATION(#11,'Body','Tessellation',(#3228));
#3230=IFCPRODUCTDEFINITIONSHAPE($,$,(#3229));
#3231=IFCSTYLEDITEM(#3228,(#32),'Demo column');
#3237=IFCCARTESIANPOINT((14.699999999999999,-9.,7.2000000000000002));
#3238=IFCDIRECTION((0.,0.,1.));
#3239=IFCDIRECTION((1.,0.,0.));
#3240=IFCAXIS2PLACEMENT3D(#3237,#3238,#3239);
#3241=IFCLOCALPLACEMENT($,#3240);
#3242=IFCWINDOW('0Gux1PtaP7uhN0jFp0dcKA',$,'Level 3 east window 1',$,$,#3263,#3252,$,$,$,$,$,$);
#3243=IFCCARTESIANPOINTLIST3D(((0.,0.,0.),(0.12,0.,0.),(0.12,5.0999999999999996,0.),(0.,5.0999999999999996,0.),(0.,0.,2.1000000000000001),(0.12,0.,2.1000000000000001),(0.12,5.0999999999999996,2.1000000000000001),(0.,5.0999999999999996,2.1000000000000001)));
#3244=IFCINDEXEDPOLYGONALFACE((1,4,3,2));
#3245=IFCINDEXEDPOLYGONALFACE((5,6,7,8));
#3246=IFCINDEXEDPOLYGONALFACE((1,2,6,5));
#3247=IFCINDEXEDPOLYGONALFACE((2,3,7,6));
#3248=IFCINDEXEDPOLYGONALFACE((3,4,8,7));
#3249=IFCINDEXEDPOLYGONALFACE((4,1,5,8));
#3250=IFCPOLYGONALFACESET(#3243,$,(#3244,#3245,#3246,#3247,#3248,#3249),$);
#3251=IFCSHAPEREPRESENTATION(#11,'Body','Tessellation',(#3250));
#3252=IFCPRODUCTDEFINITIONSHAPE($,$,(#3251));
#3253=IFCSTYLEDITEM(#3250,(#35),'Demo glass');
#3259=IFCCARTESIANPOINT((14.819999999999999,-8.5500000000000007,8.));
#3260=IFCDIRECTION((0.,0.,1.));
#3261=IFCDIRECTION((1.,0.,0.));
#3262=IFCAXIS2PLACEMENT3D(#3259,#3260,#3261);
#3263=IFCLOCALPLACEMENT($,#3262);
#3264=IFCCOLUMN('2lmJ1Js7TBTAZ8eBTr3Bqz',$,'Level 3 east pier 2',$,$,#3285,#3274,$,$);
#3265=IFCCARTESIANPOINTLIST3D(((0.,0.,0.),(0.40000000000000002,0.,0.),(0.40000000000000002,0.40000000000000002,0.),(0.,0.40000000000000002,0.),(0.,0.,3.6000000000000001),(0.40000000000000002,0.,3.6000000000000001),(0.40000000000000002,0.40000000000000002,3.6000000000000001),(0.,0.40000000000000002,3.6000000000000001)));
#3266=IFCINDEXEDPOLYGONALFACE((1,4,3,2));
#3267=IFCINDEXEDPOLYGONALFACE((5,6,7,8));
#3268=IFCINDEXEDPOLYGONALFACE((1,2,6,5));
#3269=IFCINDEXEDPOLYGONALFACE((2,3,7,6));
#3270=IFCINDEXEDPOLYGONALFACE((3,4,8,7));
#3271=IFCINDEXEDPOLYGONALFACE((4,1,5,8));
#3272=IFCPOLYGONALFACESET(#3265,$,(#3266,#3267,#3268,#3269,#3270,#3271),$);
#3273=IFCSHAPEREPRESENTATION(#11,'Body','Tessellation',(#3272));
#3274=IFCPRODUCTDEFINITIONSHAPE($,$,(#3273));
#3275=IFCSTYLEDITEM(#3272,(#32),'Demo column');
#3281=IFCCARTESIANPOINT((14.699999999999999,-3.,7.2000000000000002));
#3282=IFCDIRECTION((0.,0.,1.));
#3283=IFCDIRECTION((1.,0.,0.));
#3284=IFCAXIS2PLACEMENT3D(#3281,#3282,#3283);
#3285=IFCLOCALPLACEMENT($,#3284);
#3286=IFCWINDOW('3__qdRgwT6_fZTTA6$VlIN',$,'Level 3 east window 2',$,$,#3307,#3296,$,$,$,$,$,$);
#3287=IFCCARTESIANPOINTLIST3D(((0.,0.,0.),(0.12,0.,0.),(0.12,5.0999999999999996,0.),(0.,5.0999999999999996,0.),(0.,0.,2.1000000000000001),(0.12,0.,2.1000000000000001),(0.12,5.0999999999999996,2.1000000000000001),(0.,5.0999999999999996,2.1000000000000001)));
#3288=IFCINDEXEDPOLYGONALFACE((1,4,3,2));
#3289=IFCINDEXEDPOLYGONALFACE((5,6,7,8));
#3290=IFCINDEXEDPOLYGONALFACE((1,2,6,5));
#3291=IFCINDEXEDPOLYGONALFACE((2,3,7,6));
#3292=IFCINDEXEDPOLYGONALFACE((3,4,8,7));
#3293=IFCINDEXEDPOLYGONALFACE((4,1,5,8));
#3294=IFCPOLYGONALFACESET(#3287,$,(#3288,#3289,#3290,#3291,#3292,#3293),$);
#3295=IFCSHAPEREPRESENTATION(#11,'Body','Tessellation',(#3294));
#3296=IFCPRODUCTDEFINITIONSHAPE($,$,(#3295));
#3297=IFCSTYLEDITEM(#3294,(#35),'Demo glass');
#3303=IFCCARTESIANPOINT((14.819999999999999,-2.5499999999999998,8.));
#3304=IFCDIRECTION((0.,0.,1.));
#3305=IFCDIRECTION((1.,0.,0.));
#3306=IFCAXIS2PLACEMENT3D(#3303,#3304,#3305);
#3307=IFCLOCALPLACEMENT($,#3306);
#3308=IFCCOLUMN('1cD7iDAgHEt9PbZ$cwCmLZ',$,'Level 3 east pier 3',$,$,#3329,#3318,$,$);
#3309=IFCCARTESIANPOINTLIST3D(((0.,0.,0.),(0.40000000000000002,0.,0.),(0.40000000000000002,0.40000000000000002,0.),(0.,0.40000000000000002,0.),(0.,0.,3.6000000000000001),(0.40000000000000002,0.,3.6000000000000001),(0.40000000000000002,0.40000000000000002,3.6000000000000001),(0.,0.40000000000000002,3.6000000000000001)));
#3310=IFCINDEXEDPOLYGONALFACE((1,4,3,2));
#3311=IFCINDEXEDPOLYGONALFACE((5,6,7,8));
#3312=IFCINDEXEDPOLYGONALFACE((1,2,6,5));
#3313=IFCINDEXEDPOLYGONALFACE((2,3,7,6));
#3314=IFCINDEXEDPOLYGONALFACE((3,4,8,7));
#3315=IFCINDEXEDPOLYGONALFACE((4,1,5,8));
#3316=IFCPOLYGONALFACESET(#3309,$,(#3310,#3311,#3312,#3313,#3314,#3315),$);
#3317=IFCSHAPEREPRESENTATION(#11,'Body','Tessellation',(#3316));
#3318=IFCPRODUCTDEFINITIONSHAPE($,$,(#3317));
#3319=IFCSTYLEDITEM(#3316,(#32),'Demo column');
#3325=IFCCARTESIANPOINT((14.699999999999999,3.,7.2000000000000002));
#3326=IFCDIRECTION((0.,0.,1.));
#3327=IFCDIRECTION((1.,0.,0.));
#3328=IFCAXIS2PLACEMENT3D(#3325,#3326,#3327);
#3329=IFCLOCALPLACEMENT($,#3328);
#3330=IFCWINDOW('09dNeW5EH7YxxUOhfWFhZ7',$,'Level 3 east window 3',$,$,#3351,#3340,$,$,$,$,$,$);
#3331=IFCCARTESIANPOINTLIST3D(((0.,0.,0.),(0.12,0.,0.),(0.12,5.0999999999999996,0.),(0.,5.0999999999999996,0.),(0.,0.,2.1000000000000001),(0.12,0.,2.1000000000000001),(0.12,5.0999999999999996,2.1000000000000001),(0.,5.0999999999999996,2.1000000000000001)));
#3332=IFCINDEXEDPOLYGONALFACE((1,4,3,2));
#3333=IFCINDEXEDPOLYGONALFACE((5,6,7,8));
#3334=IFCINDEXEDPOLYGONALFACE((1,2,6,5));
#3335=IFCINDEXEDPOLYGONALFACE((2,3,7,6));
#3336=IFCINDEXEDPOLYGONALFACE((3,4,8,7));
#3337=IFCINDEXEDPOLYGONALFACE((4,1,5,8));
#3338=IFCPOLYGONALFACESET(#3331,$,(#3332,#3333,#3334,#3335,#3336,#3337),$);
#3339=IFCSHAPEREPRESENTATION(#11,'Body','Tessellation',(#3338));
#3340=IFCPRODUCTDEFINITIONSHAPE($,$,(#3339));
#3341=IFCSTYLEDITEM(#3338,(#35),'Demo glass');
#3347=IFCCARTESIANPOINT((14.819999999999999,3.4500000000000002,8.));
#3348=IFCDIRECTION((0.,0.,1.));
#3349=IFCDIRECTION((1.,0.,0.));
#3350=IFCAXIS2PLACEMENT3D(#3347,#3348,#3349);
#3351=IFCLOCALPLACEMENT($,#3350);
#3352=IFCCOLUMN('1AjAR9_Wv9khpxX3mBcocf',$,'Level 3 interior column -10,-4',$,$,#3373,#3362,$,$);
#3353=IFCCARTESIANPOINTLIST3D(((0.,0.,0.),(0.45000000000000001,0.,0.),(0.45000000000000001,0.45000000000000001,0.),(0.,0.45000000000000001,0.),(0.,0.,3.6000000000000001),(0.45000000000000001,0.,3.6000000000000001),(0.45000000000000001,0.45000000000000001,3.6000000000000001),(0.,0.45000000000000001,3.6000000000000001)));
#3354=IFCINDEXEDPOLYGONALFACE((1,4,3,2));
#3355=IFCINDEXEDPOLYGONALFACE((5,6,7,8));
#3356=IFCINDEXEDPOLYGONALFACE((1,2,6,5));
#3357=IFCINDEXEDPOLYGONALFACE((2,3,7,6));
#3358=IFCINDEXEDPOLYGONALFACE((3,4,8,7));
#3359=IFCINDEXEDPOLYGONALFACE((4,1,5,8));
#3360=IFCPOLYGONALFACESET(#3353,$,(#3354,#3355,#3356,#3357,#3358,#3359),$);
#3361=IFCSHAPEREPRESENTATION(#11,'Body','Tessellation',(#3360));
#3362=IFCPRODUCTDEFINITIONSHAPE($,$,(#3361));
#3363=IFCSTYLEDITEM(#3360,(#32),'Demo column');
#3369=IFCCARTESIANPOINT((-10.,-4.,7.2000000000000002));
#3370=IFCDIRECTION((0.,0.,1.));
#3371=IFCDIRECTION((1.,0.,0.));
#3372=IFCAXIS2PLACEMENT3D(#3369,#3370,#3371);
#3373=IFCLOCALPLACEMENT($,#3372);
#3374=IFCCOLUMN('2$xruKj9P3FheRpoUZvCcJ',$,'Level 3 interior column -10,4',$,$,#3395,#3384,$,$);
#3375=IFCCARTESIANPOINTLIST3D(((0.,0.,0.),(0.45000000000000001,0.,0.),(0.45000000000000001,0.45000000000000001,0.),(0.,0.45000000000000001,0.),(0.,0.,3.6000000000000001),(0.45000000000000001,0.,3.6000000000000001),(0.45000000000000001,0.45000000000000001,3.6000000000000001),(0.,0.45000000000000001,3.6000000000000001)));
#3376=IFCINDEXEDPOLYGONALFACE((1,4,3,2));
#3377=IFCINDEXEDPOLYGONALFACE((5,6,7,8));
#3378=IFCINDEXEDPOLYGONALFACE((1,2,6,5));
#3379=IFCINDEXEDPOLYGONALFACE((2,3,7,6));
#3380=IFCINDEXEDPOLYGONALFACE((3,4,8,7));
#3381=IFCINDEXEDPOLYGONALFACE((4,1,5,8));
#3382=IFCPOLYGONALFACESET(#3375,$,(#3376,#3377,#3378,#3379,#3380,#3381),$);
#3383=IFCSHAPEREPRESENTATION(#11,'Body','Tessellation',(#3382));
#3384=IFCPRODUCTDEFINITIONSHAPE($,$,(#3383));
#3385=IFCSTYLEDITEM(#3382,(#32),'Demo column');
#3391=IFCCARTESIANPOINT((-10.,4.,7.2000000000000002));
#3392=IFCDIRECTION((0.,0.,1.));
#3393=IFCDIRECTION((1.,0.,0.));
#3394=IFCAXIS2PLACEMENT3D(#3391,#3392,#3393);
#3395=IFCLOCALPLACEMENT($,#3394);
#3396=IFCCOLUMN('2HvGzmcD58mBgkPJvIiLbr',$,'Level 3 interior column 0,-4',$,$,#3417,#3406,$,$);
#3397=IFCCARTESIANPOINTLIST3D(((0.,0.,0.),(0.45000000000000001,0.,0.),(0.45000000000000001,0.45000000000000001,0.),(0.,0.45000000000000001,0.),(0.,0.,3.6000000000000001),(0.45000000000000001,0.,3.6000000000000001),(0.45000000000000001,0.45000000000000001,3.6000000000000001),(0.,0.45000000000000001,3.6000000000000001)));
#3398=IFCINDEXEDPOLYGONALFACE((1,4,3,2));
#3399=IFCINDEXEDPOLYGONALFACE((5,6,7,8));
#3400=IFCINDEXEDPOLYGONALFACE((1,2,6,5));
#3401=IFCINDEXEDPOLYGONALFACE((2,3,7,6));
#3402=IFCINDEXEDPOLYGONALFACE((3,4,8,7));
#3403=IFCINDEXEDPOLYGONALFACE((4,1,5,8));
#3404=IFCPOLYGONALFACESET(#3397,$,(#3398,#3399,#3400,#3401,#3402,#3403),$);
#3405=IFCSHAPEREPRESENTATION(#11,'Body','Tessellation',(#3404));
#3406=IFCPRODUCTDEFINITIONSHAPE($,$,(#3405));
#3407=IFCSTYLEDITEM(#3404,(#32),'Demo column');
#3413=IFCCARTESIANPOINT((0.,-4.,7.2000000000000002));
#3414=IFCDIRECTION((0.,0.,1.));
#3415=IFCDIRECTION((1.,0.,0.));
#3416=IFCAXIS2PLACEMENT3D(#3413,#3414,#3415);
#3417=IFCLOCALPLACEMENT($,#3416);
#3418=IFCCOLUMN('3kaAMi$xr5Bv_$_bQTG50I',$,'Level 3 interior column 0,4',$,$,#3439,#3428,$,$);
#3419=IFCCARTESIANPOINTLIST3D(((0.,0.,0.),(0.45000000000000001,0.,0.),(0.45000000000000001,0.45000000000000001,0.),(0.,0.45000000000000001,0.),(0.,0.,3.6000000000000001),(0.45000000000000001,0.,3.6000000000000001),(0.45000000000000001,0.45000000000000001,3.6000000000000001),(0.,0.45000000000000001,3.6000000000000001)));
#3420=IFCINDEXEDPOLYGONALFACE((1,4,3,2));
#3421=IFCINDEXEDPOLYGONALFACE((5,6,7,8));
#3422=IFCINDEXEDPOLYGONALFACE((1,2,6,5));
#3423=IFCINDEXEDPOLYGONALFACE((2,3,7,6));
#3424=IFCINDEXEDPOLYGONALFACE((3,4,8,7));
#3425=IFCINDEXEDPOLYGONALFACE((4,1,5,8));
#3426=IFCPOLYGONALFACESET(#3419,$,(#3420,#3421,#3422,#3423,#3424,#3425),$);
#3427=IFCSHAPEREPRESENTATION(#11,'Body','Tessellation',(#3426));
#3428=IFCPRODUCTDEFINITIONSHAPE($,$,(#3427));
#3429=IFCSTYLEDITEM(#3426,(#32),'Demo column');
#3435=IFCCARTESIANPOINT((0.,4.,7.2000000000000002));
#3436=IFCDIRECTION((0.,0.,1.));
#3437=IFCDIRECTION((1.,0.,0.));
#3438=IFCAXIS2PLACEMENT3D(#3435,#3436,#3437);
#3439=IFCLOCALPLACEMENT($,#3438);
#3440=IFCCOLUMN('0G59$Pzzn2ehRDNpOakk9V',$,'Level 3 interior column 10,-4',$,$,#3461,#3450,$,$);
#3441=IFCCARTESIANPOINTLIST3D(((0.,0.,0.),(0.45000000000000001,0.,0.),(0.45000000000000001,0.45000000000000001,0.),(0.,0.45000000000000001,0.),(0.,0.,3.6000000000000001),(0.45000000000000001,0.,3.6000000000000001),(0.45000000000000001,0.45000000000000001,3.6000000000000001),(0.,0.45000000000000001,3.6000000000000001)));
#3442=IFCINDEXEDPOLYGONALFACE((1,4,3,2));
#3443=IFCINDEXEDPOLYGONALFACE((5,6,7,8));
#3444=IFCINDEXEDPOLYGONALFACE((1,2,6,5));
#3445=IFCINDEXEDPOLYGONALFACE((2,3,7,6));
#3446=IFCINDEXEDPOLYGONALFACE((3,4,8,7));
#3447=IFCINDEXEDPOLYGONALFACE((4,1,5,8));
#3448=IFCPOLYGONALFACESET(#3441,$,(#3442,#3443,#3444,#3445,#3446,#3447),$);
#3449=IFCSHAPEREPRESENTATION(#11,'Body','Tessellation',(#3448));
#3450=IFCPRODUCTDEFINITIONSHAPE($,$,(#3449));
#3451=IFCSTYLEDITEM(#3448,(#32),'Demo column');
#3457=IFCCARTESIANPOINT((10.,-4.,7.2000000000000002));
#3458=IFCDIRECTION((0.,0.,1.));
#3459=IFCDIRECTION((1.,0.,0.));
#3460=IFCAXIS2PLACEMENT3D(#3457,#3458,#3459);
#3461=IFCLOCALPLACEMENT($,#3460);
#3462=IFCCOLUMN('0$1I8xonv9Xg3IVynW8XMI',$,'Level 3 interior column 10,4',$,$,#3483,#3472,$,$);
#3463=IFCCARTESIANPOINTLIST3D(((0.,0.,0.),(0.45000000000000001,0.,0.),(0.45000000000000001,0.45000000000000001,0.),(0.,0.45000000000000001,0.),(0.,0.,3.6000000000000001),(0.45000000000000001,0.,3.6000000000000001),(0.45000000000000001,0.45000000000000001,3.6000000000000001),(0.,0.45000000000000001,3.6000000000000001)));
#3464=IFCINDEXEDPOLYGONALFACE((1,4,3,2));
#3465=IFCINDEXEDPOLYGONALFACE((5,6,7,8));
#3466=IFCINDEXEDPOLYGONALFACE((1,2,6,5));
#3467=IFCINDEXEDPOLYGONALFACE((2,3,7,6));
#3468=IFCINDEXEDPOLYGONALFACE((3,4,8,7));
#3469=IFCINDEXEDPOLYGONALFACE((4,1,5,8));
#3470=IFCPOLYGONALFACESET(#3463,$,(#3464,#3465,#3466,#3467,#3468,#3469),$);
#3471=IFCSHAPEREPRESENTATION(#11,'Body','Tessellation',(#3470));
#3472=IFCPRODUCTDEFINITIONSHAPE($,$,(#3471));
#3473=IFCSTYLEDITEM(#3470,(#32),'Demo column');
#3479=IFCCARTESIANPOINT((10.,4.,7.2000000000000002));
#3480=IFCDIRECTION((0.,0.,1.));
#3481=IFCDIRECTION((1.,0.,0.));
#3482=IFCAXIS2PLACEMENT3D(#3479,#3480,#3481);
#3483=IFCLOCALPLACEMENT($,#3482);
#3484=IFCWALL('0sZ6PpyKD3mexnrHKho6JJ',$,'Level 3 core wall',$,$,#3505,#3494,$,$);
#3485=IFCCARTESIANPOINTLIST3D(((0.,0.,0.),(0.29999999999999999,0.,0.),(0.29999999999999999,4.,0.),(0.,4.,0.),(0.,0.,3.6000000000000001),(0.29999999999999999,0.,3.6000000000000001),(0.29999999999999999,4.,3.6000000000000001),(0.,4.,3.6000000000000001)));
#3486=IFCINDEXEDPOLYGONALFACE((1,4,3,2));
#3487=IFCINDEXEDPOLYGONALFACE((5,6,7,8));
#3488=IFCINDEXEDPOLYGONALFACE((1,2,6,5));
#3489=IFCINDEXEDPOLYGONALFACE((2,3,7,6));
#3490=IFCINDEXEDPOLYGONALFACE((3,4,8,7));
#3491=IFCINDEXEDPOLYGONALFACE((4,1,5,8));
#3492=IFCPOLYGONALFACESET(#3485,$,(#3486,#3487,#3488,#3489,#3490,#3491),$);
#3493=IFCSHAPEREPRESENTATION(#11,'Body','Tessellation',(#3492));
#3494=IFCPRODUCTDEFINITIONSHAPE($,$,(#3493));
#3495=IFCSTYLEDITEM(#3492,(#29),'Demo wall');
#3501=IFCCARTESIANPOINT((-3.,-2.,7.2000000000000002));
#3502=IFCDIRECTION((0.,0.,1.));
#3503=IFCDIRECTION((1.,0.,0.));
#3504=IFCAXIS2PLACEMENT3D(#3501,#3502,#3503);
#3505=IFCLOCALPLACEMENT($,#3504);
#3506=IFCROOF('3huvlhgK94$AeYfJF9g7Gs',$,'Flat roof',$,$,#3527,#3516,$,$);
#3507=IFCCARTESIANPOINTLIST3D(((0.,0.,0.),(30.800000000000001,0.,0.),(30.800000000000001,18.800000000000001,0.),(0.,18.800000000000001,0.),(0.,0.,0.45000000000000001),(30.800000000000001,0.,0.45000000000000001),(30.800000000000001,18.800000000000001,0.45000000000000001),(0.,18.800000000000001,0.45000000000000001)));
#3508=IFCINDEXEDPOLYGONALFACE((1,4,3,2));
#3509=IFCINDEXEDPOLYGONALFACE((5,6,7,8));
#3510=IFCINDEXEDPOLYGONALFACE((1,2,6,5));
#3511=IFCINDEXEDPOLYGONALFACE((2,3,7,6));
#3512=IFCINDEXEDPOLYGONALFACE((3,4,8,7));
#3513=IFCINDEXEDPOLYGONALFACE((4,1,5,8));
#3514=IFCPOLYGONALFACESET(#3507,$,(#3508,#3509,#3510,#3511,#3512,#3513),$);
#3515=IFCSHAPEREPRESENTATION(#11,'Body','Tessellation',(#3514));
#3516=IFCPRODUCTDEFINITIONSHAPE($,$,(#3515));
#3517=IFCSTYLEDITEM(#3514,(#41),'Demo roof');
#3523=IFCCARTESIANPOINT((-15.4,-9.4000000000000004,10.800000000000001));
#3524=IFCDIRECTION((0.,0.,1.));
#3525=IFCDIRECTION((1.,0.,0.));
#3526=IFCAXIS2PLACEMENT3D(#3523,#3524,#3525);
#3527=IFCLOCALPLACEMENT($,#3526);
#3528=IFCRELDEFINESBYTYPE('15y5Jf6sr5kO_2jlkmGbcL',$,$,$,(#3506),#25);
ENDSEC;
END-ISO-10303-21;
